1. Author,Author Average Rating,Distinct Works
A.L. Kennedy,3.65,69
Aasif Mandvi,3.31,10
Abby Grahame,2.88,1
Abby Jimenez,4.15,5
Abi Daré,4.45,4
Abi Maxwell,3.21,3
Abigail Jones,2.81,19
Abraham Verghese,4.30,14
Adam Kay,4.35,31
Adam M. Grant,4.04,8
Adam Rex,3.97,70
Adam Silvera,3.85,23
Adan Jerreat-Poole,2.98,4
Adèle Lang,3.59,6
Adrienne Young,4.00,12
Agatha Christie,4.02,3345
Agustina Bazterrica,3.88,9
Aiden Thomas,4.24,8
Alan A. McLean,1.99,5
Alan Cumyn,2.86,16
Alan Lightman,3.81,44
Alan Moore,4.24,1033
Albert Camus,4.02,564
Aldous Huxley,3.99,442
Alex Aster,3.54,5
Alex Michaelides,4.09,9
Alex North,3.97,12
Alexander Campion,3.04,5
Alexandra Aldrich,2.91,1
Alexandra Bracken,4.09,31
Alexandra Christo,3.78,8
Alexandra Coutts,3.05,2
Alexandre Dumas,4.20,3373
Alexis  Hall,4.00,49
Alexis Henderson,3.80,4
Ali Hazelwood,4.13,9
Alice Clayton,4.02,19
Alice Feeney,3.89,15
Alice LaPlante,3.54,17
Alice Mattison,3.19,24
Alice McDermott,3.60,23
Alice Oseman,4.50,48
Alice Sebold,3.82,14
Alice Walker,4.23,197
Alisa Sheckley,3.04,2
Alisa Valdes,3.56,23
Alison Cherry,3.59,9
Alix E. Harrow,4.01,39
Alka Joshi,4.18,4
Allie Brosh,4.17,3
Ally Condie,3.60,28
Alyson Noel,3.68,54
Alyssa Cole,3.70,37
Amal El-Mohtar,3.95,111
Amanda Elyot,3.51,4
Amanda Goldberg,2.97,4
Amanda Lovelace,3.82,26
Amanda Marrone,3.45,8
Amanda McKittrick Ros,2.19,11
Amber   Smith,4.16,9
Amie Kaufman,4.21,30
Amir Tag Elsir,3.34,29
Amor Towles,4.19,22
Amy Grace Loyd,2.79,1
Amy Poehler,3.86,5
Amy Sohn,3.56,18
Amy Tan,3.94,84
Ana Huang,4.02,13
Andersen Gabrych,3.82,52
André Aciman,4.00,49
Andrea Maria Schenkel,3.19,13
Andrea Rothman,2.89,1
Andrew Keen,3.21,9
Andrew O'Hagan,3.79,34
Andrew S. Trees,3.31,13
Andrew Sean Greer,3.65,18
Andrzej Sapkowski,4.16,156
Andy Weir,4.28,48
Angela Duckworth,4.08,12
Angeline Boulley,4.36,4
Anita Diamant,4.11,24
Ann Beattie,3.62,108
Ann Brashares,3.80,42
Ann Herendeen,2.85,15
Ann Napolitano,4.08,7
Ann Nocenti,3.60,440
Ann Patchett,3.95,68
Anna  Fields,2.89,2
Anna Davies,3.06,18
Anna Maxted,3.55,20
Anne Brontë,3.90,352
Anne Frank,4.18,71
Anne Rice,3.91,220
Annelies Verbeke,3.24,44
Annie Barrows,4.17,44
Anthony Bourdain,4.04,74
Anthony Burgess,4.00,193
Anthony Doerr,4.30,47
Antoine de Saint-Exupéry,4.31,573
Ariel Schrag,3.42,13
Arielle Eckstut,3.83,8
Art Spiegelman,4.37,115
Arthur Conan Doyle,4.18,6786
Arthur Golden,4.14,8
Arundhati Roy,3.92,86
Ashlee Vance,4.20,11
Ashley Audrain,4.09,3
Ashley Flowers,3.91,4
Atul Gawande,4.33,28
Audrey Niffenegger,3.94,41
Augusten Burroughs,3.82,19
Austin Kleon,3.99,8
Ayn Rand,3.76,210
Azareen Van der Vliet Oloomi,3.04,7
Aziz Ansari,3.81,6
B.A. Paris,3.86,17
B.L. Morticia,3.47,71
B.R. Collins,3.34,8
Banksy,3.86,25
Barack Obama,4.04,223
Barbara Kingsolver,4.02,64
Barbara W. Tuchman,4.11,30
Becca Fitzpatrick,4.00,16
Becky  Chambers,4.25,26
Becky Albertalli,4.04,15
Beechy Colclough,2.99,3
Bekka Black,3.00,2
Ben Horowitz,4.21,16
Ben Marcus,4.07,45
Benjamin Alire Sáenz,4.31,36
Benjamin Franklin,3.87,637
Benjamin Graham,4.25,59
Benjamin Lebert,3.01,14
Benjamin Markovits,3.15,18
Benjamin Nugent,3.15,6
Bennett Madison,3.33,8
Bernardine Evaristo,4.28,54
Bernhard Schlink,3.75,60
Bessel van der Kolk,4.46,32
Beth O'Leary,3.96,14
Beth Revis,3.87,45
Betje Wolff,3.01,13
Betty  Smith,4.28,15
Betty Edwards,3.88,23
Bill Bryson,4.03,78
Bill Jemas,3.80,60
Blaine Ray,2.89,46
Blake Crouch,4.06,74
Bolesław Prus,3.63,109
Bonnie Garmus,4.38,5
Bram Stoker,4.00,1456
Brandie Buckwine,3.28,10
Brandon Sanderson,4.40,340
Brené Brown,4.23,57
Bret Easton Ellis,3.71,27
Brian Greene,4.09,31
Brian K. Vaughan,4.24,668
Brian Michael Bendis,3.92,2816
Brigid Kemmerer,4.04,26
Brit Bennett,4.13,14
Brock Clarke,3.06,15
Brooke Parkhurst,3.35,4
Bruce D. Perry,4.51,21
Bruna Surfistinha,2.78,4
Bryan Stevenson,4.62,22
Bryn Greenwood,4.02,5
C.J. Henderson,3.69,216
C.S. Lewis,4.16,671
Caedem Marquez,3.02,10
Caitlin Flanagan,3.16,3
Caitlin Kelly,3.71,128
Cal Newport,4.13,92
Caleb Carr,4.00,25
Candace Bushnell,3.37,33
Candice Carty-Williams,3.87,20
Carl Sagan,4.25,96
Carley Fortune,4.31,2
Carlos Ruiz Zafón,4.17,46
Carmen Maria Machado,4.12,94
Carol Rifka Brunt,4.03,1
Carol S. Dweck,4.09,21
Caroline Criado Pérez,4.36,8
Caroline Kepnes,3.85,25
Caroline Peckham,4.34,87
Carolyn Murnick,3.06,2
Carrie Mesrobian,3.47,7
Casey McQuiston,4.11,6
Cassandra Clare,4.23,187
Cassandra Khaw,3.17,112
Catherine E. McKinley,3.48,9
Catherine Millet,2.88,46
Cecelia Ahern,3.92,74
Cécile David-Weill,2.59,6
Cecily von Ziegesar,3.59,70
Celeste Ng,4.01,14
Chanel Miller,4.72,1
Charlaine Harris,3.94,197
Charles Baxter,3.72,68
Charles Bock,3.08,7
Charles C. Mann,4.06,31
Charles Darwin,4.00,714
Charles den Tex,3.33,31
Charles Dickens,3.91,5782
Charles Duhigg,4.11,24
Charles Soule,3.87,954
Charlotte Barnes,3.66,21
Charlotte Brontë,4.02,869
Charlotte Kerner,2.77,18
Charlotte McConaghy,4.15,21
Charlotte Mendelson,3.16,12
Charlotte Roche,2.84,8
Charlotte Williams,3.05,19
Charmaine Wilkerson,4.15,4
Chelsy Day,2.83,7
Cheryl Strayed,4.06,26
Chetan Bhagat,3.21,26
Chimamanda Ngozi Adichie,4.33,111
Chinua Achebe,3.74,102
Chip Heath,4.00,31
Chloe  Benjamin,3.71,3
Chloe Gong,4.10,14
Chloe Hooper,3.91,10
Chris    Lynch,3.47,64
Chris Guillebeau,3.84,40
Chris Roberson,3.90,439
Chris Voss,4.37,20
Chrissy Olinger,2.94,2
Christina Baker Kline,4.11,18
Christina Hopkinson,3.13,13
Christina Lauren,3.99,74
Christina Schwarz,3.73,15
Christine Woodward,2.89,12
Christopher L. Bennett,3.87,60
Christopher Paolini,3.98,56
Christopher Ransom,2.72,9
Chuck Palahniuk,3.84,149
Cinda Williams Chima,4.20,22
Cindy Jones,2.91,1
Claire Legrand,3.85,24
Claire Lombardo,3.95,2
Claire Messud,3.22,35
Clara Reeve,3.04,50
Clarissa Pinkola Estés,4.15,56
Claude Izner,3.09,49
Clifton Campbell,2.93,2
Coleridge Cook,2.94,1
Colleen Hoover,4.24,70
Colleen McCullough,4.18,118
Colson Whitehead,4.06,33
Cormac McCarthy,4.02,46
Cornelia Funke,3.94,235
Corrie ten Boom,4.45,83
Courtney Summers,3.94,16
Cullen Bunn,3.82,1378
Cutter Wood,2.69,3
Cynthia Kaplan,3.45,4
D.G. Chichester,4.06,195
D'Arcy Adrian-Vallance,2.17,15
Dai Sijie,3.62,18
Dalai Lama XIV,4.18,809
Dale Carnegie,4.20,524
Dale M. Courtney,2.69,3
Dan   Harris,3.91,9
Dan Abnett,4.05,1936
Dan Brown,3.87,134
Dan Jurgens,3.76,1471
Dan Simmons,4.09,223
Daniel Goleman,3.99,233
Daniel H. Pink,3.91,116
Daniel Keyes,4.19,86
Daniel Menaker,3.30,13
Danielle Crittenden,3.40,4
Danielle L. Jensen,4.10,22
Danielle Staub,2.40,1
Dante Alighieri,4.03,919
Daphne Beal,3.29,3
Daphne du Maurier,4.15,275
Darcy Cosper,2.82,1
Dave Bruno,2.89,2
Dave Pelzer,4.11,39
David    Allen,3.99,68
David  James,2.98,2
David Bayles,3.76,5
David Denby,3.57,16
David Foster Wallace,4.12,110
David Goggins,4.36,9
David Grann,4.02,19
David Levithan,3.74,106
David Mamet,3.83,147
David McCullough,4.08,80
David Means,3.52,29
David Metzenthen,3.26,49
David Mitchell,3.94,87
David Nicholls,3.77,22
David Sedaris,4.01,77
David Snodin,3.26,5
Deborah Harkness,4.07,28
Dee Brown,4.22,55
Dennis Hopeless,3.73,372
Dennis Lehane,4.03,84
Diana Gabaldon,4.29,188
Diana Wynne Jones,4.12,90
Diane Johnson,3.48,79
Diane Setterfield,3.93,8
Diane Wei Liang,3.12,5
Diane Williams,3.55,61
Dolly Alderton,4.05,7
Don DeLillo,3.65,71
Donna Tartt,4.00,28
Doris Kearns Goodwin,4.23,33
Dot Hutchison,4.08,7
Doug Henderson,3.53,9
Doug Moench,3.88,1324
Douglas   Stuart,4.33,13
Douglas Adams,4.20,87
Douglas Lain,3.42,19
Dr. Seuss,4.25,463
Dustin Diamond,2.34,2
Dustin Thao,3.74,2
Dylan Saccoccio,1.62,11
E. Llewellyn,2.89,2
E. Lockhart,3.69,22
E.B. White,4.17,136
E.H. Gombrich,3.96,89
E.L. James,3.75,39
E.M. Forster,3.88,418
Eckhart Tolle,4.16,207
Ed Catmull,4.21,6
Edgar Allan Poe,4.15,5482
Edith Wharton,3.79,1134
Edmund Morris,4.10,17
Elena  Armas,3.93,4
Elena Ferrante,4.14,28
Elie Wiesel,4.34,210
Elif Shafak,4.02,60
Elissa Sussman,3.72,5
Eliyzabeth Yanne Strong-Anderson,1.86,1
Eliza Kennedy,3.11,4
Eliza Orzeszkowa,3.04,94
Elizabeth Acevedo,4.30,19
Elizabeth Gaskell,4.01,578
Elizabeth Gilbert,3.69,46
Elizabeth Kostova,3.77,13
Elizabeth Lim,4.05,18
Elizabeth Oberbeck,2.86,1
Elizabeth Wein,3.98,37
Elle Kennedy,4.08,172
Elliot S. Maggin,4.21,175
Emilio Calderón,3.19,43
Emily Brontë,3.89,695
Emily Giffin,3.81,20
Emily Henry,4.05,11
Emily St. John Mandel,3.99,20
Emma Cline,3.48,20
Emma Donoghue,3.97,67
Emma McLaughlin,3.41,15
Emma Straub,3.49,22
Emma Tennant,2.76,59
Eoin Colfer,3.95,141
Eowyn Ivey,4.01,5
Eric Carle,4.24,417
Eric Ries,4.11,24
Eric Rutkow,3.93,2
Eric Wallace,3.53,54
Erich Maria Remarque,4.12,118
Erik Larson,4.00,26
Erika Carter,2.62,4
Erin Morgenstern,4.00,5
Erin Somers,2.91,2
Erin Sterling,3.59,3
Erin Watt,3.93,21
Ernest Cline,4.09,14
Ernest Hemingway,3.83,944
Etaf Rum,4.26,2
Ethan Hauser,2.92,3
Eva Gale,2.91,6
Eva Stachniak,3.55,6
F. Scott Fitzgerald,3.91,1273
Fannie Flagg,4.13,39
Faridah Àbíké-Íyímídé,4.24,4
Fay Weldon,3.48,165
Felipe Smith,3.67,54
Fiona Maazel,2.97,7
Fonda Lee,4.27,25
Frances Cha,3.76,4
Frances Hodgson Burnett,4.16,647
Frances Mayes,3.76,45
Francie Lin,2.83,2
Francine du Plessix Gray,3.95,23
Francine Pascal,3.57,811
Frank Herbert,4.13,364
Frank McCourt,4.07,43
Frank Miller,4.13,806
Franz Kafka,3.89,1624
Frederik Pohl,3.90,754
Fredric Wertham,3.18,15
Fredrik Backman,4.26,27
Friedrich Nietzsche,4.04,1407
Fyodor Dostoevsky,4.19,2344
G.P. Taylor,3.22,34
Gabe Hudson,2.96,3
Gabriel Bá,3.95,130
Gabriel García Márquez,3.99,543
Gabrielle Zevin,4.01,14
Gail Honeyman,4.25,5
Garrison Keillor,3.83,227
Garson O'Toole,2.99,1
Garth Nix,4.04,195
Garth Stein,4.20,19
Gary Chapman,4.23,295
Gaston Leroux,3.94,533
Gayle Forman,3.92,30
Genevieve Gornichec,4.06,7
Geoffrey Chaucer,3.56,634
George Dawes Green,4.00,8
George Eliot,3.86,717
George Orwell,4.10,729
George R.R. Martin,4.37,1121
George S. Clason,4.26,60
George Saunders,3.92,108
Georgia Hunter,4.40,4
Georgie Thompson,2.64,1
Gerard Jones,3.97,403
Germaine Guèvremont,2.83,7
Gillian Flynn,4.06,21
Gillian McAllister,4.04,11
Glendy Vanderah,4.18,4
Gloria Tesch,2.36,6
Gordon Dahlquist,3.51,17
Grady Hendrix,3.77,43
Graeme Simsion,3.93,26
Graham Swift,3.64,45
Grant Ginder,3.05,5
Greer Hendricks,3.86,9
Greg Bear,3.87,191
Greg McKeown,4.04,12
Greg Mortenson,3.67,5
Greg Pak,3.81,1056
Gregg Olsen,4.01,108
Gregory David Roberts,4.24,12
Gregory Maguire,3.54,95
Gretchen Rubin,3.67,29
Gustaaf Peek,2.93,12
Gustave Flaubert,3.70,650
H.G. Wells,3.82,2250
H.P. Lovecraft,4.00,3388
Hafid Bouazza,3.11,31
Hafsah Faizal,4.02,8
Hallie Rubenhold,4.08,8
Hanan Al-Shaykh,3.55,26
Hank Green,4.09,7
Hannah  Grace,4.17,1
Hannah Mccouch,2.76,2
Hans Rosling,4.36,8
Hanya Yanagihara,4.26,14
Harper Lee,4.23,50
Harriet Beecher Stowe,3.90,674
Harriet Griffey,3.46,55
Harriet Lane,3.08,6
Haruki Murakami,3.95,429
Heather   Morris,4.30,14
Heidi Pitlor,3.66,22
Helen  Smith,2.98,20
Helen Fielding,3.74,35
Helen Hoang,3.93,7
Helen Keller,4.07,111
Helena Coggan,3.48,5
Helene Wecker,4.12,10
Henry  Alford,3.13,7
Henry David Thoreau,3.84,968
Henryk Sienkiewicz,3.74,342
Herman Melville,3.57,1002
Herman Pleij,3.29,46
Hermann Hesse,4.07,959
Hilary Mantel,4.00,86
Hilma Wolitzer,3.54,20
Hoda Barakat,3.13,12
Holly  Jackson,4.33,10
Holly Black,4.09,168
Holly McQueen,3.25,9
Homer,3.84,1246
Hortense Ullrich,3.34,102
Howard Chaykin,3.78,693
Howard Jacobson,3.24,60
Howard Zinn,4.08,178
Hunter S. Thompson,4.03,78
Huntley Fitzpatrick,3.93,4
Iain Reid,3.62,7
Ian McEwan,3.74,115
Ibram X. Kendi,4.43,22
Ijeoma Oluo,4.49,15
Ira Levin,3.96,55
Irma S. Rombauer,4.12,30
Isaac Asimov,4.17,2981
Isabel Allende,4.00,146
Isabel Rose,2.88,10
Isabel Wilkerson,4.49,7
Ishmael Beah,4.14,10
Ivan Brandon,3.38,120
Ivanka Trump,3.15,5
J.C. Cliff,3.90,12
J.D. Salinger,3.84,119
J.D. Vance,3.88,5
J.K. Rowling,4.46,385
J.M. Barrie,4.07,736
J.R. Ward,4.28,155
J.R.R. Tolkien,4.35,512
Jack London,3.98,3102
Jack Weatherford,4.03,14
James  Bradley,3.33,30
James Baldwin,4.32,184
James C. Collins,4.10,71
James Clear,4.38,19
James Dashner,3.95,50
James Franco,3.19,45
James Hawes,3.68,23
James Joyce,3.75,838
James Patterson,3.99,1046
James Robinson,3.79,875
James S.A. Corey,4.29,68
James Sage,3.38,23
James Wolcott,3.18,11
Jamie Ford,3.99,23
Jane Austen,4.14,2081
Jane Carruth,4.03,142
Jane Harper,3.98,12
Jane Smiley,3.75,99
Janet Evanovich,4.01,156
Janet Fitch,3.96,18
Janet Groth,2.60,9
Janet Skeslien Charles,4.07,3
Janice Knowlton,2.86,1
Janice Kulyk Keefer,2.77,22
Janne S. Drangsholt,3.07,8
Jared Diamond,4.01,46
Jasmine Guillory,3.62,17
Jason Fried,3.96,8
Jason Latour,3.89,281
Jason Rekulak,4.14,9
Jay Asher,3.84,14
Jay Kristoff,4.28,30
Jazon Dion Fletcher,2.62,2
Jean-Paul Sartre,4.00,554
Jeannette Walls,4.24,19
Jeff Kinney,4.14,148
Jeff Lemire,4.00,1104
Jeff VanderMeer,3.72,214
Jeffrey Eugenides,4.01,30
Jen Sincero,3.94,128
Jeneva Rose,4.02,6
Jenna Evans Welch,4.02,6
Jennette McCurdy,4.59,1
Jennifer Egan,3.65,38
Jennifer L. Armentrout,4.21,120
Jennifer Lynn Barnes,4.20,35
Jennifer Niven,4.06,19
Jennifer Saint,3.81,4
Jennifer Stevenson,3.37,57
Jennifer Weiner,3.71,58
Jennifer Wolfthal,2.25,1
Jenny  Lawson,3.91,7
Jenny Han,3.97,37
Jeph Loeb,4.11,841
Jessamine Chan,3.56,1
Jesse Andrews,3.52,5
Jesse Kellerman,3.57,20
Jesse Q. Sutanto,3.70,10
Jessica Cutler,2.84,1
Jessica Knoll,3.49,3
Jia Tolentino,4.07,7
Jill Price,2.92,6
Jill Santopolo,3.82,28
Jim Butcher,4.25,194
Jim Hougan,3.41,10
Jim Starlin,3.95,796
Jim Theis,2.68,2
Joan Aiken,3.96,286
Joan Didion,3.96,84
Joanna Kavenna,3.25,14
Jodi Picoult,3.99,82
Jody Shields,2.92,6
Joe Abercrombie,4.24,91
John  Gray,3.61,231
John Ajvide Lindqvist,3.90,57
John Berendt,3.91,18
John Berger,3.92,190
John Boyne,4.16,44
John Carreyrou,4.41,5
John Christopher,3.93,118
John Coyne,3.60,47
John Farris,3.62,71
John Green,4.00,46
John Grisham,3.95,323
John Irving,4.01,86
John Kennedy Toole,3.88,2
John Marks,2.78,65
John Marrs,4.10,15
John Milton,3.85,914
John Ruskin,3.77,753
John Steinbeck,3.95,461
John Tiffany,3.52,16
John Updike,3.80,386
Johnny Damon,2.86,2
Jojo Moyes,4.11,60
Jon Krakauer,4.06,43
Jon Ronson,3.91,22
Jonas Jonasson,3.79,11
Jonathan Haidt,4.19,18
Jonathan Lethem,3.85,200
Jonathan Safran Foer,3.96,54
Jonathan Swift,3.68,1203
Jordan B. Peterson,3.96,32
Jorge Molist,3.71,13
Josefina López,3.36,10
Joseph Caldwell,3.10,22
Joseph Conrad,3.50,1189
Joseph Heller,3.97,43
Joseph Nicolosi,2.06,10
Josephine Carr,2.80,5
Josh Malerman,3.89,67
Joshua Cohen,3.63,64
Joshua Foer,3.90,8
Joshua Williamson,3.80,840
Josie Silver,3.86,4
Jostein Gaarder,3.93,47
Jules Verne,3.89,2376
Julia Pierpont,2.98,3
Julie Kagawa,4.05,76
Julie Powell,3.68,5
Junot Díaz,3.88,52
Justin Cronin,4.06,19
Justin Halpern,3.95,6
K.M. Robinson,3.67,40
Kalynn  Bayron,3.84,17
Kami Garcia,3.82,79
Karel Glastra van Loon,3.28,16
Karen M. McManus,3.95,23
Karin Slaughter,4.07,107
Karl Marx,3.78,1398
Kate  Moore,4.17,6
Kate Atkinson,3.81,57
Kate Elizabeth Russell,4.09,2
Kate Morton,4.03,20
Kate Quinn,4.32,26
Kate Williams,3.67,57
Katee Robert,3.75,134
Katherine Arden,4.23,14
Katherine Paterson,3.99,119
Kathleen  Hale,3.22,5
Kathleen Glasgow,4.10,10
Kathleen Grissom,4.21,6
Kathryn Stockett,4.47,4
Katie Crouch,3.13,10
Katie Kitamura,3.44,11
Katie McGarry,4.08,25
Kazuo Ishiguro,3.85,46
Keith Gessen,4.15,34
Kelly  Garrett,3.20,3
Kelly Rimmer,4.34,17
Ken Follett,4.22,237
Kendare Blake,3.89,41
Kerri Maniscalco,4.06,15
Kevin Kwan,3.86,7
Kevin Trudeau,3.22,33
Khaled Hosseini,4.33,27
Kiera Cass,3.99,33
Kiersi Burkhart,3.52,7
Kiley Reid,3.82,5
Kim  Savage,3.16,3
Kim Edwards,3.68,15
Kim Howard Johnson,3.78,14
Kim Michele Richardson,4.20,7
Kim Strickland,3.10,3
Kim Wong Keltner,3.20,4
Kira Coplin,2.68,1
Kit Reed,3.70,177
Kody Keplinger,3.80,14
Kosoko Jackson,3.64,12
Krista Ritchie,4.14,36
Kristien Hemmerechts,3.10,95
Kristijonas Donelaitis,2.64,6
Kristin Cashore,4.06,16
Kristin Hannah,4.31,82
Kristin Harmel,4.26,24
Krystal Sutherland,3.97,5
Kurt Vonnegut Jr.,4.07,464
L. Frank Baum,3.97,1112
L. Ron Hubbard,3.46,684
L.M. Montgomery,4.23,975
Lacey Noonan,3.10,24
Laini Taylor,4.10,33
Lani Sarem,1.30,1
Lao Tzu,4.29,337
Larry   Ellis,1.63,3
Larry McMurtry,4.20,92
Laura  Lane,3.29,2
Laura Dave,3.84,14
Laura Esquivel,3.92,38
Laura Hillenbrand,4.35,6
Laura L. Sullivan,3.77,35
Laura Sebastian,3.93,14
Lauren  Hough,3.27,1
Lauren Asher,4.08,16
Lauren Groff,3.65,56
Lauren Kate,3.79,54
Lauren Oliver,3.88,51
Lauren Weisberger,3.69,25
Laurie Frankel,4.21,7
Laurie Graff,3.02,6
Laurie Halse Anderson,4.01,61
Lee Child,4.07,360
Leigh Bardugo,4.17,69
Lemony Snicket,3.99,95
Leo Tolstoy,4.08,3537
Leon de Winter,3.45,49
Lev Grossman,3.71,45
Levi Johnston,2.82,1
Lewis Carroll,4.05,1631
Lexi Ryan,4.10,64
Liane Moriarty,3.95,35
Libba Bray,3.85,41
Lily King,3.94,14
Lionel Shriver,3.93,47
Lisa Gabriele,3.59,4
Lisa Genova,4.20,14
Lisa Jewell,3.95,44
Lisa See,4.04,20
Lisa Taddeo,3.71,12
Lisa Wingate,4.30,37
Liu Cixin,4.20,132
Liv Constantine,3.89,10
Lois Lowry,4.10,100
Lorence Alison,2.93,3
Lori Gottlieb,4.35,15
Lorraine J. Anderson,3.11,21
Louis Sachar,4.00,77
Louisa May Alcott,4.10,1638
Louise Dean,3.04,4
Louise Penny,4.20,46
Lucinda Rosenfeld,2.99,5
Lucy   Jackson,2.90,2
Lucy Foley,3.78,14
Lucy Ives,3.10,19
Lucy Score,4.29,53
Lydia Pyne,3.45,9
Lynn Edelman Schnurnberger,3.35,9
Lynn Painter,4.08,8
M.J.    Edwards,2.31,12
M.L. Stedman,4.04,2
M.R. Carey,3.93,25
Mackenzi Lee,4.04,18
Madeleine L'Engle,3.99,141
Madeleine Wickham,3.35,16
Madeline  Stevens,2.77,1
Madeline Miller,4.31,12
Maggie O'Farrell,4.09,41
Maggie Stiefvater,4.00,59
Malcolm Gladwell,4.03,90
Malcolm X,4.35,44
Malinda Lo,3.92,51
Manny Howard,2.79,2
Marc Guggenheim,3.85,535
Marcus Aurelius,4.25,425
Margaret  Rogerson,3.91,4
Margaret Atwood,4.04,470
Margaret Erhart,2.93,7
Margaret Mitchell,4.31,72
Margo Howard,3.02,5
Margot Lee Shetterly,3.96,5
Maria Konopnicka,3.22,104
Maria Mosterd,2.49,3
Maria Semple,3.79,8
Maria V. Snyder,4.03,64
Mariana Zapata,4.20,15
Marie Benedict,3.91,14
Marie Kondō,3.87,34
Marie Lu,4.15,44
Marie Rutkoski,4.03,22
Marieke Nijkamp,3.65,34
Mario Puzo,4.28,69
Marion Zimmer Bradley,4.00,450
Marissa Meyer,4.21,56
Mark Bittman,3.98,58
Mark Haddon,3.87,63
Mark Kurlansky,3.78,56
Mark Leyner,3.49,19
Mark Manson,3.92,78
Mark Oppenheimer,3.88,19
Mark Schultz,3.94,235
Mark T. Sullivan,4.33,32
Mark Twain,3.87,3543
Mark Z. Danielewski,4.04,17
Markus Zusak,4.35,25
Martha Hall Kelly,4.25,10
Martha Wells,4.25,73
Martin Amis,3.62,76
Mary  O'Connell,3.14,3
Mary Ann Shaffer,4.18,6
Mary Beard,4.01,53
Mary Beth Keane,3.93,4
Mary E. Pearson,4.07,35
Mary Gordon,3.70,83
Mary Kubica,3.83,22
Mary Roach,3.95,22
Matt Bondurant,3.58,7
Matt Fraction,3.97,746
Matt Haig,4.01,89
Matthew Battles,3.42,9
Matthew Desmond,4.47,12
Matthew Flaming,3.00,1
Matthew Klam,3.36,9
Matthew McConaughey,4.21,6
Matthew Rosenberg,3.70,391
Matthew Walker,4.38,18
Matthew Weiner,2.94,4
Maureen Johnson,3.96,57
Maurice Sendak,4.22,205
Max Brooks,3.98,84
May R. Ayamonte,2.48,9
Maya Angelou,4.27,174
Meenakshi Reddy Madhavan,3.03,12
Meg Rosoff,3.50,34
Meg Wolitzer,3.56,35
Megan Kelso,3.19,12
Megan Miranda,3.68,18
Megan Whalen Turner,4.09,16
Meghan Daum,3.64,13
Melina Morel,2.97,3
Melissa Albert,3.63,9
Melissa de la Cruz,3.79,125
Melissa Sue Anderson,2.74,7
Mette Ivie Harrison,3.37,64
Mia Sheridan,4.21,56
Michael  Grant,4.01,58
Michael  Hughes,2.50,4
Michael A. Singer,4.21,49
Michael Arntfield,3.27,10
Michael Coveney,3.20,19
Michael Crichton,3.87,129
Michael Drosnin,3.02,6
Michael Ende,4.21,166
Michael Gerber,2.90,30
Michael Irwin,3.60,28
Michael Pearl,3.43,66
Michael Pollan,4.12,62
Michelle Alexander,4.52,25
Michelle Hodkin,4.09,11
Michelle McNamara,4.12,2
Michelle Obama,4.48,35
Michelle Smith,2.99,120
Michelle Zauner,4.29,1
Miguel de Cervantes Saavedra,3.88,1011
Miguel Ruiz,4.18,112
Mihaly Csikszentmihalyi,4.08,55
"Mike ""The Situation"" Sorrentino",2.53,2
Mikhail Bulgakov,4.23,465
Mikki Kendall,4.37,13
Milan Kundera,4.02,162
Min Jin Lee,4.29,13
Mindy Kaling,3.91,23
Miranda Cowley Heller,3.86,1
Miranda Popkey,2.82,3
Mitch Albom,4.08,65
Molly Jong-Fast,2.92,6
Mona Awad,3.52,10
Monica Ali,3.69,15
Monica Gallagher,3.70,53
Morgan Housel,4.38,4
Morgan Matson,4.02,14
Morrissey,3.54,27
N.H. Kleinbaum,4.20,12
N.K. Jemisin,4.20,119
Nadine Gordimer,3.57,225
Namina Forna,4.01,5
Naomi Alderman,3.78,33
Naomi Campbell,4.04,13
Naomi Novik,4.06,65
Nassim Nicholas Taleb,4.00,43
Natalie Haynes,4.07,17
Natasha Ngan,3.83,7
Natasha Tynes,1.64,1
Nathaniel Hawthorne,3.46,1820
Neal Adams,3.90,738
Neal Shusterman,4.22,86
Neal Stephenson,4.04,94
Ned Vizzini,4.04,23
Neil deGrasse Tyson,4.09,60
Neil Gaiman,4.14,1481
Nelson Mandela,4.31,189
Newt Scamander,3.97,1
Niccolò Machiavelli,3.84,605
Nicholas Sparks,4.10,193
Nicholson Baker,3.64,33
Nick Fowler,2.82,3
Nicola Yoon,3.99,17
Nina LaCour,3.87,18
Nita Prose,3.85,4
Norman Boutin,1.48,1
Norman Mailer,3.81,198
Norman Rush,3.67,12
Norman Vincent Peale,4.16,212
Nuruddin Farah,3.41,25
O.J. Simpson,3.25,10
Ocean Vuong,4.07,18
Octavia E. Butler,4.21,83
Oliver Sacks,4.04,88
Olivie Blake,3.84,22
Onision,1.74,7
Orson Scott Card,4.10,634
Osamu Dazai,4.06,648
Oscar Wilde,4.11,2824
Ottessa Moshfegh,3.65,37
Oyinkan Braithwaite,3.69,7
P.C. Cast,3.94,120
Pamela Anderson,2.92,18
Pamela L. Laskin,2.85,13
Paris Hilton,3.04,9
Pat Barker,3.93,25
Patricia Cornwell,3.89,136
Patricia Duncker,3.74,21
Patricia Marx,3.10,32
Patricia Weitz,2.93,1
Patrick Howarth,3.10,17
Patrick Lapeyre,2.82,10
Patrick Ness,4.10,47
Patrick Radden Keefe,4.45,12
Patrick Rothfuss,4.46,55
Patrick Süskind,4.01,33
Patti Smith,4.12,113
Paul  Davids,2.89,14
Paul Kalanithi,4.39,9
Paul Park,3.54,56
Paul Ruditis,4.01,114
Paul Theroux,3.83,183
Paula Hawkins,3.89,16
Paula McLain,3.83,17
Paulo Coelho,3.80,225
Penelope Ashe,2.98,4
Penelope Douglas,3.95,40
Pepe Moreno,2.87,11
Peter  Swanson,3.79,13
Peter Carey,3.61,77
Peter Straub,4.02,220
Peter Thiel,4.18,27
Phaidon Press,3.89,213
Phil Knight,4.47,52
Philip Athans,3.88,53
Philip G. Zimbardo,4.29,100
Philip K. Dick,3.93,1144
Philip Kerr,4.01,54
Philip Pullman,4.05,165
Philippa Gregory,3.93,112
Piers Anthony,3.84,347
Pip Williams,4.07,13
Piper Kerman,3.72,1
Pittacus Lore,4.09,65
Plato,4.03,1915
Polly Williams,3.41,12
R.F. Kuang,4.26,15
R.J. Palacio,4.38,29
R.L. Stine,3.70,1156
Rachael Lippincott,4.16,8
Rachel Hawkins,3.84,25
Rachel Hollis,3.69,19
Rachel Howzell Hall,3.64,22
Rachel Johnson,3.09,48
Rachel Pine,2.89,1
Rahul Kanakia,3.44,30
Raina Telgemeier,4.26,49
Rainbow Rowell,3.96,93
Ralph Ellison,3.90,52
Ramsey Campbell,3.97,735
Randall Munroe,4.15,18
Randy Davila,3.20,6
Randy Pausch,4.26,10
Ransom Riggs,3.97,27
Raven Kennedy,4.15,33
Raven Leilani,3.56,1
Ray Bradbury,3.99,1691
Rebbecca Ray,2.89,6
Rebecca    Campbell,2.68,3
Rebecca Harrington,2.77,5
Rebecca Makkai,4.11,24
Rebecca Serle,3.75,13
Rebecca Skloot,4.10,5
Renate Dorrestein,3.35,64
Renée Ahdieh,3.96,26
Reni Eddo-Lodge,4.39,26
Rhonda Byrne,3.77,27
Rich Shapero,2.39,10
Richard  Adams,4.06,75
Richard Cohen,2.47,25
Richard Dawkins,4.02,110
Richard Noll,3.62,11
Richard Osman,4.12,20
Richard P. Feynman,4.25,160
Richard Peck,3.94,81
Richard Powers,4.02,69
Richelle Mead,4.24,80
Rick Remender,3.89,852
Rick Riordan,4.34,278
Rick Yancey,3.94,33
Riley Sager,3.87,10
Roald Dahl,4.14,913
Rob Liefeld,3.90,439
Robert  Stone,3.91,36
Robert A. Heinlein,3.94,651
Robert B. Cialdini,4.17,49
Robert Bloch,4.09,861
Robert Galbraith,4.05,17
Robert Greene,4.17,112
Robert K. Massie,4.06,29
Robert Kirkman,4.24,1788
Robert Kolker,4.06,3
Robert Louis Stevenson,3.85,3473
Robert Ludlum,4.01,240
Robert M. Pirsig,3.78,11
Robert Stanek,3.02,308
Robert T. Kiyosaki,4.10,204
Robin DiAngelo,4.21,15
Robin Hobb,4.22,248
Robin Kirman,2.84,4
Robin LaFevers,3.98,8
Robin Sloan,3.74,22
Robin Wall Kimmerer,4.55,19
Rohinton Mistry,4.28,23
Ron Chernow,4.20,14
Rory Power,3.49,9
Rose Szabo,3.28,5
Roseanne Montillo,3.32,8
Rosecrans Baldwin,3.37,9
Roshani Chokshi,3.93,38
Roxane Gay,4.06,123
Rudolph Brasch,2.99,22
Rudyard Kipling,3.91,2968
Rupi Kaur,4.05,14
Ruta Sepetys,4.33,10
Ruth Ann Nordin,3.83,156
Ruth Hogan,3.84,5
Ruth Ozeki,4.02,16
Ruth Ware,3.76,17
S.A. Chakraborty,4.29,12
S.E. Hinton,4.10,32
S.J. Watson,3.86,7
S.M. Stirling,3.91,137
Sabaa Tahir,4.25,18
Sadie Jones,3.33,8
Sally  Thorne,3.87,5
Sally Rooney,3.78,33
Salman Rushdie,3.83,138
Sam Humphries,3.62,372
Samantha Downing,3.81,5
Samantha Shannon,4.08,24
Samantha Young,4.10,88
Samuel       Miller,3.59,3
Samuel Richardson,3.05,328
Sapphire,3.84,16
Sara Kadefors,3.16,21
Sara Nisha Adams,4.08,2
Sara Shepard,3.93,106
Sarah       Adams,3.81,11
Sarah Andersen,4.15,14
Sarah Gardner Borden,2.62,1
Sarah Hogle,3.89,5
Sarah J. Maas,4.36,87
Sarah Penner,3.76,2
Sarah Perry,3.49,16
Sarah Pinborough,3.73,83
Sayaka Murata,3.70,28
Scarlett St.  Clair,3.89,14
Scott Lobdell,3.78,1229
Scott Lynch,4.24,46
Scott Westerfeld,3.84,77
Sean Gandert,2.78,4
Sean Penn,2.45,11
Seanan McGuire,4.02,456
Sequoia Nagamatsu,3.89,10
Shannon Hale,3.98,90
Shari Lapena,3.80,13
Sheila Curran,3.00,6
Shel Silverstein,4.34,118
Shelby Mahurin,3.91,7
Shelby Van Pelt,4.47,1
Shelley Parker-Chan,3.91,4
Sherman Alexie,4.05,114
Sheryl Sandberg,3.94,27
Shirley Jackson,3.92,256
Shobhaa Dé,2.76,36
Si Spencer,3.56,88
Siddhartha Mukherjee,4.32,28
Sigmund Freud,3.81,1623
Silvia Moreno-Garcia,3.72,143
Simon Beckett,4.01,33
Simon Sinek,4.09,52
Simon Winchester,3.85,74
Simone de Beauvoir,4.07,213
Simone Elkeles,4.06,19
Simone Holloway,3.22,176
Simone St. James,3.97,9
Sister Souljah,4.29,12
Solomon Northup,4.20,82
Sophie Kinsella,3.75,90
Spencer Johnson,3.87,91
Stacy Schiff,3.65,10
Stacy Willingham,4.02,5
Stefan Żeromski,2.89,68
Stephanie Garber,4.12,10
Stephanie Perkins,3.92,12
Stephanie Rowe,4.11,98
Stephen Chbosky,4.20,11
Stephen Graham Jones,3.69,211
Stephen Hawking,4.19,136
Stephen King,4.06,1886
Stephen R. Covey,4.13,506
Stephenie Meyer,3.68,74
Steven Erikson,4.25,117
Stieg Larsson,4.17,68
Stuart Turton,3.87,5
Sue Lynn Tan,4.18,4
Sue Monk Kidd,4.07,38
Sue Townsend,3.76,74
Sun Tzu,3.97,489
Susan Cain,4.07,12
Susan Coll,2.97,8
Susan Ee,4.11,12
Susan Isaacs,3.47,31
Susan McCorkindale,2.90,5
Susan Minot,3.45,19
Susan Moody,3.36,53
Susan Orlean,3.85,40
Susan Schneider,3.37,22
Susana Fortes,3.23,14
Susanna Clarke,4.03,33
Susanna Kaysen,3.91,9
Susanna Rowson,2.95,28
Susannah Cahalan,4.05,2
Suzannah Dunn,3.26,16
Suzanne Collins,4.26,32
Swati Kaushal,3.25,8
Sylvia Day,4.13,104
Sylvia Nasar,4.13,9
Sylvia Plath,4.07,205
T.J. Klune,4.38,55
Ta-Nehisi Coates,4.27,221
Tahereh Mafi,4.09,35
Talia Hibbert,3.95,29
Tamara Ireland Stone,4.18,13
Tammara Webber,4.03,9
Tamsyn Muir,4.26,38
Tana French,3.86,16
Tara Westover,4.47,7
Tatiana de Rosnay,4.05,45
Taylor  Adams,3.98,5
Taylor Antrim,3.54,3
Taylor Jenkins Reid,4.27,19
Terry Pratchett,4.16,415
Tessa Bailey,3.90,78
Thea Goodman,2.80,1
Therese Bohman,3.40,6
Thomas  Harris,4.08,28
Thomas Caplan,2.75,4
Thomas Dixon Jr.,2.92,43
Thomas Hardy,3.86,1187
Thomas Keneally,4.26,106
Tia Williams,4.08,21
Tillie Cole,4.21,51
Tim O'Brien,4.08,81
Timothy Ferriss,3.93,34
Tina Fey,3.96,9
Titania Hardie,3.09,53
Tom Piccirilli,3.76,178
Tomi Adeyemi,4.06,7
Tommy Orange,3.98,12
Toni Morrison,3.98,156
Tony Abbott,3.90,129
Torrey Peters,3.99,9
Toshikazu Kawaguchi,3.78,10
Tracy Chevalier,3.86,53
Tracy Deonn,4.40,6
Tracy Wolff,4.04,97
Travis Bradberry,3.84,22
Trevor Noah,4.49,7
Tricia Levenseller,3.98,17
Truman Capote,4.01,223
Tuhin A. Sinha,3.24,14
Umberto Eco,3.97,652
Ursula K. Le Guin,4.07,753
V.E. Schwab,4.17,61
Veronica Rossi,4.04,18
Veronica Roth,4.03,50
Victor Hugo,4.15,2259
Victoria Aveyard,3.94,24
Victoria Foyt,2.14,7
Victoria Schwab,3.97,30
Viktor E. Frankl,4.36,107
Vina Jackson,3.21,16
Vincent Bugliosi,4.04,31
Vincent van Gogh,4.10,345
Virginia Woolf,3.86,1118
Vladimir Nabokov,3.88,505
Voltaire,3.77,2222
Wakefield Master,2.84,3
Walt Whitman,4.12,888
Walter Isaacson,4.15,71
Wendy Holden,3.26,30
Wilkie Collins,3.92,1299
William Codpiece Thwackery,2.86,2
William Faulkner,3.84,573
William Gibson,3.89,203
William Gladstone,2.60,2
William Golding,3.69,91
William Goldman,4.25,56
William H. McRaven,4.03,24
William Kent Krueger,4.22,79
William L. Shirer,4.19,73
William Landay,3.98,4
William Makepeace Thackeray,3.79,1101
William Paul Young,3.80,20
William Peter Blatty,4.15,30
William Shakespeare,3.86,7712
William W. Johnstone,4.26,551
Xiran Jay Zhao,4.15,3
Yaa Gyasi,4.36,11
Yann Martel,3.91,29
Yelena Akhtiorskaya,2.81,3
Yuval Noah Harari,4.33,54
Zoe Desh,1.53,1
Zora Neale Hurston,3.98,139
Δημήτρης Δημητριάδης,3.73,63
أمل محمود,2.60,3
جنى فواز الحسن,2.76,7
خالد خليفة,3.34,7
سعيد أبو العينين,3.47,11
سلوى النعيمي,2.40,7
قماشة العليان,2.70,9
م. مودب‌پور,2.65,9
محمد الأشعري,3.02,11