Title,Author,Year,Rating,Raters
The Shining (Paperback),Stephen King,Missing,4.26,1331543
It (Paperback),Stephen King,Missing,4.25,979277
Dracula (Paperback),Bram Stoker,Missing,4.01,1119710
Carrie (Mass Market Paperback),Stephen King,Missing,3.98,630548
Pet Sematary (Kindle Edition),Stephen King,Missing,4.04,516216
Pet Sematary (Kindle Edition),Stephen King,Missing,4.04,516216
Frankenstein: The 1818 Text (Paperback),Mary Wollstonecraft Shelley,Missing,3.84,1395329
The Haunting of Hill House (Paperback),Shirley Jackson,Missing,3.83,237615
'Salem's Lot (Paperback),Stephen King,Missing,4.05,398771
The Stand (Hardcover),Stephen King,Missing,4.34,702901
Misery (Paperback),Stephen King,Missing,4.20,606300
Mexican Gothic (Hardcover),Silvia Moreno-Garcia,Missing,3.68,261047
House of Leaves (Paperback),Mark Z. Danielewski,Missing,4.09,149031
"Interview with the Vampire (The Vampire Chronicles, #1)",Anne Rice,Missing,4.01,540885
Doctor Sleep (Hardcover),Stephen King,Missing,4.12,233120
World War Z: An Oral History of the Zombie War (Hardcover),Max Brooks,Missing,4.01,489789
We Have Always Lived in the Castle (Paperback),Shirley Jackson,Missing,3.96,172184
Cujo (Paperback),Stephen King,Missing,3.76,258537
NOS4A2 (Hardcover),Joe Hill,Missing,4.08,116598
The Exorcist (Mass Market Paperback),William Peter Blatty,Missing,4.19,210682
"Bird Box (Bird Box, #1)",Josh Malerman,Missing,4.04,170229
Heart-Shaped Box (Hardcover),Joe Hill,Missing,3.84,123528
Coraline (Paperback),Neil Gaiman,Missing,4.09,598310
Needful Things (Paperback),Stephen King,Missing,3.95,232394
Christine (Paperback),Stephen King,Missing,3.82,223540
Dr. Jekyll and Mr. Hyde (Paperback),Robert Louis Stevenson,Missing,3.83,491101
Let the Right One In (Hardcover),John Ajvide Lindqvist,Missing,4.04,102251
Night Shift (Paperback),Stephen King,Missing,4.02,165775
The Southern Book Club's Guide to Slaying Vampires (Kindle Edition),Grady Hendrix,Missing,3.82,143395
The Only Good Indians (Hardcover),Stephen Graham Jones,Missing,3.72,53962
The Outsider (Hardcover),Stephen King,Missing,3.99,250074
"Rosemary's Baby (Rosemary's Baby, #1)",Ira Levin,Missing,4.02,127409
A Head Full of Ghosts (Hardcover),Paul Tremblay,Missing,3.80,65653
Firestarter (Mass Market Paperback),Stephen King,Missing,3.91,211580
The Dead Zone (Mass Market Paperback),Stephen King,Missing,3.95,205826
Cell (Mass Market Paperback),Stephen King,Missing,3.66,210682
"The Silence of the Lambs  (Hannibal Lecter, #2)",Thomas  Harris,Missing,4.23,517504
Horrorstör (Paperback),Grady Hendrix,Missing,3.66,60698
"The Girl with All the Gifts (The Girl with All the Gifts, #1)",M.R. Carey,Missing,3.95,210579
Horns (Hardcover),Joe Hill,Missing,3.93,108615
My Best Friend's Exorcism (Kindle Edition),Grady Hendrix,Missing,3.97,68838
The Picture of Dorian Gray (Paperback),Oscar Wilde,Missing,4.11,1273142
The Troop (Hardcover),Nick Cutter,Missing,3.82,52128
The Turn of the Screw (Paperback),Henry James,Missing,3.40,135391
"Something Wicked This Way Comes (Green Town, #2)",Ray Bradbury,Missing,3.92,117699
Bag of Bones (Paperback),Stephen King,Missing,3.91,187378
The Tommyknockers (Mass Market Paperback),Stephen King,Missing,3.58,140642
Thinner (Mass Market Paperback),Richard Bachman,Missing,3.75,194815
Under the Dome (Hardcover),Stephen King,Missing,3.91,281707
The Dark Half (Paperback),Stephen King,Missing,3.80,134093
Missing,Missing,Missing,0,0
Missing,Missing,Missing,0,0
The Ballad of Black Tom (Paperback),Victor LaValle,Missing,3.88,22185
The Graveyard Book (Hardcover),Neil Gaiman,Missing,4.15,497224
The Last House on Needless Street (Hardcover),Catriona Ward,Missing,3.87,50296
"My Heart Is a Chainsaw (The Lake Witch Trilogy, #1)",Stephen Graham Jones,Missing,3.59,20068
The Hollow Places (Paperback),T. Kingfisher,Missing,3.80,18747
Lovecraft Country (ebook),Matt Ruff,Missing,4.02,39154
Nothing But Blackened Teeth (Hardcover),Cassandra Khaw,Missing,2.76,21690
The Twisted Ones (Hardcover),T. Kingfisher,Missing,3.64,18460
Hex (Paperback),Thomas Olde Heuvelt,Missing,3.73,28717
At the Mountains of Madness (Paperback),H.P. Lovecraft,Missing,3.84,44767
"Feed (Newsflesh, #1)",Mira Grant,Missing,3.85,56095
If It Bleeds (Kindle Edition),Stephen King,Missing,4.01,72590
Later (Kindle Edition),Stephen King,Missing,4.00,100820
The Call of Cthulhu and Other Weird Stories (Paperback),H.P. Lovecraft,Missing,4.18,43732
Sleeping Beauties (Hardcover),Stephen King,Missing,3.73,74814
Imaginary Friend (Hardcover),Stephen Chbosky,Missing,3.53,41555
The Ocean at the End of the Lane (Hardcover),Neil Gaiman,Missing,4.01,558253
Cycle of the Werewolf (Paperback),Stephen King,Missing,3.66,55156
20th Century Ghosts (Hardcover),Joe Hill,Missing,3.93,39570
"The Drawing of the Three (The Dark Tower, #2)",Stephen King,Missing,4.23,239973
Swan Song (Mass Market Paperback),Robert McCammon,Missing,4.28,62034
The Fireman (Paperback),Joe Hill,Missing,3.91,55875
"Odd Thomas (Odd Thomas, #1)",Dean Koontz,Missing,3.98,261454
"Psycho (Psycho, #1)",Robert Bloch,Missing,4.12,60974
The Regulators (Mass Market Paperback),Richard Bachman,Missing,3.71,78742
Uzumaki (Hardcover),Junji Ito,Missing,4.44,42092
Watchers (Paperback),Dean Koontz,Missing,4.18,158396
Slade House (Kindle Edition),David Mitchell,Missing,3.81,59505
The Hunger (Hardcover),Alma Katsu,Missing,3.63,22500
Scary Stories to Tell in the Dark (Paperback),Alvin Schwartz,Missing,4.05,62828
Lisey's Story (Hardcover),Stephen King,Missing,3.70,79745
"Mr. Mercedes (Bill Hodges Trilogy, #1)",Stephen King,Missing,3.99,279704
The Historian (Kindle Edition),Elizabeth Kostova,Missing,3.79,256107
The Bazaar of Bad Dreams (Hardcover),Stephen King,Missing,3.92,55025
"Pride and Prejudice and Zombies (Pride and Prejudice and Zombies, #1)",Seth Grahame-Smith,Missing,3.31,135093
Things Have Gotten Worse Since We Last Spoke (Kindle Edition),Eric LaRocca,Missing,3.05,31159
The Winter People (Hardcover),Jennifer  McMahon,Missing,3.81,63215
The Complete Stories and Poems (Hardcover),Edgar Allan Poe,Missing,4.38,239611
From a Buick 8 (Hardcover),Stephen King,Missing,3.47,64828
Perfume: The Story of a Murderer (Paperback),Patrick Süskind,Missing,4.03,404204
The Call of Cthulhu (Kindle Edition),H.P. Lovecraft,Missing,3.99,49097
"Black House (The Talisman, #2)",Stephen King,Missing,4.02,58738
Kill Creek (Paperback),Scott   Thomas,Missing,3.78,15570
The Fisherman (Paperback),John  Langan,Missing,3.94,16532
"The Waste Lands (The Dark Tower, #3)",Stephen King,Missing,4.24,204610
Ring Shout (Hardcover),P. Djèlí Clark,Missing,4.06,22461
"The Witching Hour (Lives of the Mayfair Witches, #1)",Anne Rice,Missing,4.11,109537
The Girl Next Door (Paperback),Jack Ketchum,Missing,3.94,31045
"Hannibal (Hannibal Lecter, #3)",Thomas  Harris,Missing,3.80,99392
"Ring (Ring, #1)",Kōji Suzuki,Missing,3.81,19168
Missing,Missing,Missing,0,0
Missing,Missing,Missing,0,0
Haunted (Paperback),Chuck Palahniuk,Missing,3.60,97047
Just After Sunset (Hardcover),Stephen King,Missing,3.87,51235
Joyland (Paperback),Stephen King,Missing,3.93,141449
The Yellow Wall-Paper (Paperback),Charlotte Perkins Gilman,Missing,4.12,144379
What Moves the Dead (Hardcover),T. Kingfisher,Missing,4.00,12248
"Jaws (Jaws, #1)",Peter Benchley,Missing,3.96,152004
"Days Gone Bye (The Walking Dead, #1)",Robert Kirkman,Missing,4.27,219344
"Flowers in the Attic (Dollanganger, #1)",V.C. Andrews,Missing,3.84,190261
The Elementals (Paperback),Michael McDowell,Missing,4.02,14948
The Silent Companions (Paperback),Laura  Purcell,Missing,3.90,26637
"Miss Peregrine's Home for Peculiar Children (Miss Peregrine's Peculiar Children, #1)",Ransom Riggs,Missing,3.92,1157223
A Monster Calls (Paperback),Patrick Ness,Missing,4.35,244276
Phantoms (Mass Market Paperback),Dean Koontz,Missing,3.96,70408
Devolution: A Firsthand Account of the Rainier Sasquatch Massacre (Hardcover),Max Brooks,Missing,3.92,37373
The Phantom of the Opera (Paperback),Gaston Leroux,Missing,3.96,221150
"Summer of Night (Seasons of Horror, #1)",Dan Simmons,Missing,4.04,23474
The Legend of Sleepy Hollow (Paperback),Washington Irving,Missing,3.72,64599
The Deep (Hardcover),Nick Cutter,Missing,3.40,18586
The Ritual (Paperback),Adam Nevill,Missing,3.60,18008
Meddling Kids (Hardcover),Edgar Cantero,Missing,3.55,27108
The Road (Hardcover),Cormac McCarthy,Missing,3.98,812282
Plain Bad Heroines (Hardcover),Emily M. Danforth,Missing,3.67,18175
Her Body and Other Parties: Stories (Paperback),Carmen Maria Machado,Missing,3.88,67150
"Head Games (Locke & Key, #2)",Joe Hill,Missing,4.32,43464
"The Tale of the Body Thief (The Vampire Chronicles, #4)",Anne Rice,Missing,3.74,83575
"The Year of the Witching (Bethel, #1)",Alexis Henderson,Missing,3.82,27508
"Alice (The Chronicles of Alice, #1)",Christina Henry,Missing,3.86,33694
"Books of Blood: Volumes One to Three (Books of Blood, #1-3)",Clive Barker,Missing,4.18,26506
Come Closer (Paperback),Sara Gran,Missing,3.63,17750
Hearts in Atlantis (Paperback),Stephen King,Missing,3.84,90273
"Wizard and Glass (The Dark Tower, #4)",Stephen King,Missing,4.25,182939
Carrion Comfort (Mass Market Paperback),Dan Simmons,Missing,3.90,21337
The Library at Mount Char (Paperback),Scott  Hawkins,Missing,4.09,44053
House of Hollow (Hardcover),Krystal Sutherland,Missing,4.07,44410
"The Twelve (The Passage, #2)",Justin Cronin,Missing,4.01,94389
The Sun Down Motel (Hardcover),Simone St. James,Missing,4.03,113064
Dead Silence (Hardcover),S.A. Barnes,Missing,3.81,10244
"The Fall (The Strain Trilogy, #2)",Guillermo del Toro,Missing,3.82,37560
"Books of Blood, Volume One (Books of Blood, #1)",Clive Barker,Missing,4.04,23821
The Tell-Tale Heart (Hardcover),Edgar Allan Poe,Missing,4.24,78107
The Wasp Factory (Paperback),Iain Banks,Missing,3.79,88083
11/22/63 (Hardcover),Stephen King,Missing,4.32,485314
The Running Man (Paperback),Stephen King,Missing,3.89,118367
The Tell-Tale Heart and Other Writings (Mass Market Paperback),Edgar Allan Poe,Missing,4.19,234593
Final Girls (Hardcover),Riley Sager,Missing,3.84,134577
"Clown in a Cornfield (Clown in a Cornfield, #1)",Adam Cesare,Missing,3.76,14038
The Lottery (Paperback),Shirley Jackson,Missing,4.07,74861
The Island of Dr. Moreau (Paperback),H.G. Wells,Missing,3.73,109597
The Zombie Survival Guide: Complete Protection from the Living Dead (Paperback),Max Brooks,Missing,3.85,101029
We Sold Our Souls (Kindle Edition),Grady Hendrix,Missing,3.79,14735
Missing,Missing,Missing,0,0
Missing,Missing,Missing,0,0
The Luminous Dead (Kindle Edition),Caitlin  Starling,Missing,3.69,10905
'Salem's Lot (Hardcover),Stephen King,Missing,4.26,104876
"Abraham Lincoln: Vampire Hunter (Abraham Lincoln: Vampire Hunter, #1)",Seth Grahame-Smith,Missing,3.71,133784
"Memnoch the Devil (The Vampire Chronicles, #5)",Anne Rice,Missing,3.76,78811
"Relic (Pendergast, #1)",Douglas Preston,Missing,4.04,101668
Strange Weather (Hardcover),Joe Hill,Missing,3.86,22125
The Book of Accidents (Hardcover),Chuck Wendig,Missing,3.78,15215
The Book of Accidents (Hardcover),Chuck Wendig,Missing,3.78,15215
"Wolves of the Calla (The Dark Tower, #5)",Stephen King,Missing,4.19,170942
"Crown of Shadows (Locke & Key, #3)",Joe Hill,Missing,4.40,37631
"The Dark Tower (The Dark Tower, #7)",Stephen King,Missing,4.27,160520
"A Dowry of Blood (A Dowry of Blood, #1)",S.T. Gibson,Missing,4.17,16511
The Fall of the House of Usher: An Edgar Allan Poe Short Story (Paperback),Edgar Allan Poe,Missing,3.92,52861
"The Girl from the Well (The Girl from the Well, #1)",Rin Chupeco,Missing,3.80,11209
"The Forest of Hands and Teeth (The Forest of Hands and Teeth, #1)",Carrie Ryan,Missing,3.60,84201
Penpal (Paperback),Dathan Auerbach,Missing,3.88,19944
Night of the Mannequins (Paperback),Stephen Graham Jones,Missing,3.38,11445
"Asylum (Asylum, #1)",Madeleine Roux,Missing,3.64,52943
"The Butterfly Garden  (The Collector, #1)",Dot Hutchison,Missing,4.07,154354
"The Monstrumologist (The Monstrumologist, #1)",Rick Yancey,Missing,3.90,18745
"Song of Susannah (The Dark Tower, #6)",Stephen King,Missing,3.99,146338
The Bachman Books (Paperback),Richard Bachman,Missing,4.14,70394
The Best of H.P. Lovecraft: Bloodcurdling Tales of Horror and the Macabre (Paperback),H.P. Lovecraft,Missing,4.31,28742
The Bloody Chamber and Other Stories (Paperback),Angela Carter,Missing,3.95,48854
The Death of Jane Lawrence (Hardcover),Caitlin  Starling,Missing,3.20,12173
"Gwendy's Button Box (The Button Box, #1)",Stephen King,Missing,3.92,58963
The Lottery and Other Stories (Paperback),Shirley Jackson,Missing,4.05,71228
Intensity (Paperback),Dean Koontz,Missing,4.04,79338
Battle Royale (Paperback),Koushun Takami,Missing,4.25,67102
Night Film (Paperback),Marisha Pessl,Missing,3.78,85371
Hide (Hardcover),Kiersten White,Missing,3.34,16022
Sawkill Girls (Hardcover),Claire Legrand,Missing,3.68,15711
"Preludes & Nocturnes (The Sandman, #1)",Neil Gaiman,Missing,4.24,247935
"Keys to the Kingdom (Locke & Key, #4)",Joe Hill,Missing,4.38,33678
The Hacienda (Hardcover),Isabel Cañas,Missing,3.86,18146
"Small Spaces (Small Spaces, #1)",Katherine Arden,Missing,4.02,20607
The Raven (Paperback),Edgar Allan Poe,Missing,4.29,124745
The Cask of Amontillado - an Edgar Allan Poe Short Story (Paperback),Edgar Allan Poe,Missing,4.09,71546
The Willows (Paperback),Algernon Blackwood,Missing,4.09,10622
Horrid (Hardcover),Katrina Leno,Missing,3.58,11490
The Damnation Game (Mass Market Paperback),Clive Barker,Missing,3.82,19114
The Haunting of Ashburn House (Kindle Edition),Darcy Coates,Missing,3.95,18035
Necroscope (Necroscope #1),Brian Lumley,Missing,4.01,20056
Cabal (Paperback),Clive Barker,Missing,3.93,19610
The Lost Village (Hardcover),Camilla Sten,Missing,3.55,21362
The Stepford Wives (Paperback),Ira Levin,Missing,3.81,35281
The Omen (Paperback),David Seltzer,Missing,4.03,64478
"Clockworks (Locke & Key, #5)",Joe Hill,Missing,4.47,31884
Exquisite Corpse (Paperback),Poppy Z. Brite,Missing,3.78,12952
"End of Watch (Bill Hodges Trilogy, #3)",Stephen King,Missing,4.09,105328
Missing,Missing,Missing,0,0
Missing,Missing,Missing,0,0
The Grip of It (Paperback),Jac Jemc,Missing,3.22,9748
Comfort Me With Apples (Hardcover),Catherynne M. Valente,Missing,3.62,14338
Fever Dream (Hardcover),Samanta Schweblin,Missing,3.74,29826
The Eyes of the Dragon (Paperback),Stephen King,Missing,3.94,117279
"The Vampire Armand (The Vampire Chronicles, #6)",Anne Rice,Missing,3.78,67106
The Little Stranger (Paperback),Sarah Waters,Missing,3.56,51602
Baby Teeth (Hardcover),Zoje Stage,Missing,3.62,54288
"Finders Keepers (Bill Hodges Trilogy, #2)",Stephen King,Missing,4.05,130467
Broken Monsters (Paperback),Lauren Beukes,Missing,3.59,21447
The Other (Mass Market Paperback),Thomas Tryon,Missing,3.99,21178
"Dread Nation (Dread Nation, #1)",Justina Ireland,Missing,4.14,29712
The Changeling (Hardcover),Victor LaValle,Missing,3.78,16898
"I Am Not a Serial Killer (John Cleaver, #1)",Dan Wells,Missing,3.79,35025
The Grownup (Hardcover),Gillian Flynn,Missing,3.56,117318
"The Night Eternal (The Strain Trilogy, #3)",Guillermo del Toro,Missing,3.70,28604
Weaveworld (Paperback),Clive Barker,Missing,4.13,30720
The Great and Secret Show (Book of the Art #1),Clive Barker,Missing,4.06,29628
The Invited (Hardcover),Jennifer  McMahon,Missing,3.81,23672
White Is for Witching (Hardcover),Helen Oyeyemi,Missing,3.56,10216
"The Rats (Rats, #1)",James Herbert,Missing,3.93,19804
Fevre Dream (Paperback),George R.R. Martin,Missing,3.89,25776
"Uzumaki: Spiral into Horror, Vol. 1 (Paperback)",Junji Ito,Missing,4.36,21587
"Alpha & Omega (Locke & Key, #6)",Joe Hill,Missing,4.48,29557
Full Throttle (Hardcover),Joe Hill,Missing,4.01,14400
"Warm Bodies (Warm Bodies, #1)",Isaac Marion,Missing,3.91,102797
There's Someone Inside Your House (Hardcover),Stephanie Perkins,Missing,3.40,32441
"Off Season (Dead River, #1)",Jack Ketchum,Missing,3.80,12376
"14 (Threshold, #1)",Peter Clines,Missing,3.96,34142
Summer Sons (Hardcover),Lee Mandelo,Missing,3.82,6168
"Wytches, Volume 1 (Paperback)",Scott Snyder,Missing,3.80,15099
At the Mountains of Madness and Other Tales of Terror (Mass Market Paperback),H.P. Lovecraft,Missing,4.26,23642
"Ninth House (Alex Stern, #1)",Leigh Bardugo,Missing,4.04,187707
Sour Candy (Kindle Edition),Kealan Patrick Burke,Missing,3.74,9567
The Masque of the Red Death (Paperback),Edgar Allan Poe,Missing,4.08,33317
Dark Matter (Hardcover),Michelle Paver,Missing,3.98,14605
Near the Bone (Paperback),Christina Henry,Missing,3.75,8321
"Miles Behind Us (The Walking Dead, #2)",Robert Kirkman,Missing,4.23,38139
The Good House (Paperback),Tananarive Due,Missing,3.98,5986
Survivor Song (Hardcover),Paul Tremblay,Missing,3.63,13117
Things We Lost in the Fire (Hardcover),Mariana Enríquez,Missing,4.07,25586
The Case of Charles Dexter Ward (Paperback),H.P. Lovecraft,Missing,4.15,18237
The Great God Pan (Paperback),Arthur Machen,Missing,3.70,12187
The Shadows (Hardcover),Alex North,Missing,3.74,44062
In the Tall Grass (Audio CD),Stephen King,Missing,3.65,23888
I Have No Mouth and I Must Scream (Mass Market Paperback),Harlan Ellison,Missing,3.90,28681
"Gideon the Ninth (The Locked Tomb, #1)",Tamsyn Muir,Missing,4.23,84040
"Girl of Nightmares (Anna, #2)",Kendare Blake,Missing,3.85,30624
Necronomicon: The Best Weird Tales (Hardcover),H.P. Lovecraft,Missing,4.20,16027
Just Like Home (Hardcover),Sarah Gailey,Missing,3.47,7609
The Black Cat (Paperback),Edgar Allan Poe,Missing,4.04,37244
Missing,Missing,Missing,0,0
Missing,Missing,Missing,0,0
The King in Yellow (Paperback),Robert W. Chambers,Missing,3.51,13580
The Monster of Elendhaven (Hardcover),Jennifer Giesbrecht,Missing,3.57,6998
"Welcome to Dead House (Goosebumps, #1)",R.L. Stine,Missing,3.84,33283
Those Across the River (Hardcover),Christopher Buehlman,Missing,3.69,9658
"Lasher (Lives of the Mayfair Witches, #2)",Anne Rice,Missing,3.87,58970
Lost Souls (Paperback),Poppy Z. Brite,Missing,3.90,17249
Tomie (Hardcover),Junji Ito,Missing,4.12,18640
The Dark Descent of Elizabeth Frankenstein (Hardcover),Kiersten White,Missing,3.90,18203
Authority (Paperback),Jeff VanderMeer,Missing,3.53,72952
Brother (Paperback),Ania Ahlborn,Missing,3.97,9320
"Rolling in the Deep (Rolling in the Deep, #0.5)",Mira Grant,Missing,3.99,7624
"The Diviners (The Diviners, #1)",Libba Bray,Missing,3.94,93803
Danse Macabre (Paperback),Stephen King,Missing,3.66,27161
The Monk (Paperback),Matthew Gregory Lewis,Missing,3.82,25596
Dracul (Hardcover),Dacre Stoker,Missing,4.13,12448
Elevation (Hardcover),Stephen King,Missing,3.66,107864
The Mummy (Ramses the Damned #1),Anne Rice,Missing,3.85,45404
Disappearance at Devil's Rock (Hardcover),Paul Tremblay,Missing,3.59,12963
Song of Kali (Paperback),Dan Simmons,Missing,3.61,12567
"Hannibal Rising (Hannibal Lecter, #4)",Thomas  Harris,Missing,3.55,44300
"This Book Is Full of Spiders (John Dies at the End, #2)",David  Wong,Missing,4.25,28283
Gyo (Hardcover),Junji Ito,Missing,3.87,17425
Rage (Paperback),Richard Bachman,Missing,3.75,41623
Lord of the Flies (Paperback),William Golding,Missing,3.69,2638283
The Shadow over Innsmouth (Paperback),H.P. Lovecraft,Missing,4.12,16723
The Fog (Paperback),James Herbert,Missing,3.89,25074
Harvest Home (Hardcover),Thomas Tryon,Missing,3.84,8538
Hidden Pictures (Hardcover),Jason Rekulak,Missing,4.24,42446
"Jurassic Park (Jurassic Park, #1)",Michael Crichton,Missing,4.07,891128
"Pines (Wayward Pines, #1)",Blake Crouch,Missing,3.94,104323
The Thief of Always (Hardcover),Clive Barker,Missing,4.20,30935
The Collector (Paperback),John Fowles,Missing,3.98,69345
The Pit and the Pendulum (Paperback),Edgar Allan Poe,Missing,4.19,53779
Burnt Offerings (Hardcover),Robert Marasco,Missing,3.80,7424
Craven Manor (Paperback),Darcy Coates,Missing,3.95,13076
Rebecca (ebook),Daphne du Maurier,Missing,4.24,559393
Lightning (Mass Market Paperback),Dean Koontz,Missing,4.08,59496
Seed (ebook),Ania Ahlborn,Missing,3.72,11472
"Safety Behind Bars (The Walking Dead, #3)",Robert Kirkman,Missing,4.30,32400
"The Keep (Adversary Cycle, #1)",F. Paul Wilson,Missing,4.00,18189
White Smoke (Hardcover),Tiffany D. Jackson,Missing,3.85,11050
"Deadline (Newsflesh, #2)",Mira Grant,Missing,4.10,25328
"Malorie (Bird Box, #2)",Josh Malerman,Missing,3.82,18762
The Metamorphosis (Paperback),Franz Kafka,Missing,3.84,846801
"The City of Mirrors (The Passage, #3)",Justin Cronin,Missing,4.20,51417
"Patient Zero (Joe Ledger, #1)",Jonathan Maberry,Missing,3.99,28211
Sundial (Hardcover),Catriona Ward,Missing,3.83,8026
"Cirque Du Freak: A Living Nightmare (Cirque Du Freak, #1)",Darren Shan,Missing,4.08,55493
Slasher Girls & Monster Boys (Kindle Edition),April Genevieve Tucholke,Missing,3.87,8487
The Halloween Tree (Paperback),Ray Bradbury,Missing,3.79,27107
Missing,Missing,Missing,0,0
Missing,Missing,Missing,0,0
"Rot & Ruin (Rot & Ruin, #1)",Jonathan Maberry,Missing,4.10,34090
Prodigal Son (Dean Koontz's Frankenstein #1),Dean Koontz,Missing,4.03,34970
Boy's Life (Kindle Edition),Robert McCammon,Missing,4.38,30770
The Whisper Man (Hardcover),Alex North,Missing,4.04,127990
The House Next Door (Mass Market Paperback),Anne Rivers Siddons,Missing,3.87,10869
"Darkly Dreaming Dexter (Dexter, #1)",Jeff Lindsay,Missing,3.90,200536
This Thing Between Us (Paperback),Gus Moreno,Missing,3.78,7546
The Girl in Red (Paperback),Christina Henry,Missing,3.71,12432
Last Days (Paperback),Adam Nevill,Missing,3.81,5862
The October Country (Hardcover),Ray Bradbury,Missing,4.13,16598
A Cosmology of Monsters (Hardcover),Shaun Hamill,Missing,3.78,7740
The Deep (ebook),Alma Katsu,Missing,3.34,7856
"Anno Dracula (Anno Dracula, #1)",Kim Newman,Missing,3.77,13381
Dark Harvest (Paperback),Norman Partridge,Missing,3.68,6581
Chasing the Boogeyman (Hardcover),Richard  Chizmar,Missing,4.00,15169
Stolen Tongues (Kindle Edition),Felix Blackwell,Missing,3.97,10627
"Forever Odd (Odd Thomas, #2)",Dean Koontz,Missing,3.98,73990
A House at the Bottom of a Lake (Kindle Edition),Josh Malerman,Missing,3.21,13492
The Taking of Jake Livingston (Hardcover),Ryan Douglass,Missing,3.47,9214
Paperbacks from Hell: The Twisted History of '70s and '80s Horror Fiction (Paperback),Grady Hendrix,Missing,4.30,7783
"Taltos (Lives of the Mayfair Witches, #3)",Anne Rice,Missing,3.81,51483
The House on the Borderland (Paperback),William Hope Hodgson,Missing,3.62,7620
The Return (Hardcover),Rachel   Harrison,Missing,3.32,10129
House of Salt and Sorrows (Hardcover),Erin A. Craig,Missing,3.93,65043
"Guilty Pleasures (Anita Blake, Vampire Hunter, #1)",Laurell K. Hamilton,Missing,4.02,142179
More Scary Stories to Tell in the Dark (Hardcover),Alvin Schwartz,Missing,4.11,16955
"Welcome to Night Vale (Welcome to Night Vale, #1)",Joseph Fink,Missing,3.83,37848
Shiver: Selected Stories (Hardcover),Junji Ito,Missing,4.35,12601
The Taking (Mass Market Paperback),Dean Koontz,Missing,3.79,38418
The Strange Case of Dr. Jekyll and Mr. Hyde and Other Tales of Terror (Paperback),Robert Louis Stevenson,Missing,3.94,119195
Rules for Vanishing (Hardcover),Kate Alice Marshall,Missing,3.80,7412
The Bad Place (Mass Market Paperback),Dean Koontz,Missing,3.93,35924
"Infected (Infected, #1)",Scott Sigler,Missing,3.84,20296
Strangers (Paperback),Dean Koontz,Missing,4.01,44326
"Monstress, Vol. 1: Awakening (Paperback)",Marjorie M. Liu,Missing,3.96,56786
"The Heart's Desire (The Walking Dead, #4)",Robert Kirkman,Missing,4.20,28926
The Coldest Girl in Coldtown (Hardcover),Holly Black,Missing,3.84,66331
The Graveyard Apartment (Hardcover),Mariko Koike,Missing,3.25,3537
The Complete Fiction (Leather Bound),H.P. Lovecraft,Missing,4.35,12257
The Cipher (Paperback),Kathe Koja,Missing,3.57,4706
Midnight (Paperback),Dean Koontz,Missing,3.85,25858
Zone One (Hardcover),Colson Whitehead,Missing,3.26,22179
Our Wives Under the Sea (Paperback),Julia Armfield,Missing,3.93,9556
"The Boy on the Bridge (The Girl With All the Gifts, #2)",M.R. Carey,Missing,3.96,23472
Certain Dark Things (Paperback),Silvia Moreno-Garcia,Missing,3.75,10180
Blaze (Hardcover),Richard Bachman,Missing,3.75,45929
"Stalking Jack the Ripper (Stalking Jack the Ripper, #1)",Kerri Maniscalco,Missing,3.98,113129
A Clockwork Orange (Paperback),Anthony Burgess,Missing,4.00,665129
Tick Tock (Paperback),Dean Koontz,Missing,3.74,33054
Handling the Undead (Paperback),John Ajvide Lindqvist,Missing,3.48,11421
Missing,Missing,Missing,0,0
Missing,Missing,Missing,0,0
"Dead Until Dark (Sookie Stackhouse, #1)",Charlaine Harris,Missing,3.96,521937
"American Vampire, Vol. 1 (Hardcover)",Scott Snyder,Missing,3.98,24295
The Castle of Otranto (Paperback),Horace Walpole,Missing,3.18,29445
From Hell (Paperback),Alan Moore,Missing,4.18,37943
"The Doll's House (The Sandman, #2)",Neil Gaiman,Missing,4.44,96041
Mister B. Gone (Hardcover),Clive Barker,Missing,3.34,13685
Acceptance (Paperback),Jeff VanderMeer,Missing,3.62,56151
"Merrick (The Vampire Chronicles, #7)",Anne Rice,Missing,3.75,40944
A Stir of Echoes (Paperback),Richard Matheson,Missing,3.87,13418
Lakewood (Hardcover),Megan Giddings,Missing,3.52,9360
Mapping the Interior (ebook),Stephen Graham Jones,Missing,3.81,4902
Trigger Warning: Short Fictions and Disturbances (Hardcover),Neil Gaiman,Missing,3.92,57355
"Something is Killing the Children, Vol. 1 (Paperback)",James Tynion IV,Missing,4.14,11647
The Croning (Hardcover),Laird Barron,Missing,3.74,4458
Drawing Blood (Paperback),Poppy Z. Brite,Missing,4.02,10096
In the Miso Soup (Paperback),Ryū Murakami,Missing,3.62,24031
"Brother Odd (Odd Thomas, #3)",Dean Koontz,Missing,4.00,64063
Shadowland (Mass Market Paperback),Peter Straub,Missing,3.90,11878
When the Reckoning Comes (Paperback),LaTanya McQueen,Missing,3.72,4030
"The Screaming Staircase (Lockwood & Co., #1)",Jonathan Stroud,Missing,4.22,39779
In the House in the Dark of the Woods (Hardcover),Laird Hunt,Missing,3.32,5851
Hideaway (Mass Market Paperback),Dean Koontz,Missing,3.86,34652
And the Trees Crept In (Hardcover),Dawn Kurtagich,Missing,3.56,5815
"Ghost Road Blues (Pine Deep, #1)",Jonathan Maberry,Missing,3.78,8099
Kin (Hardcover),Kealan Patrick Burke,Missing,3.91,4360
"The Merciless (The Merciless, #1)",Danielle Vega,Missing,3.60,15483
A Certain Hunger (Audible Audio),Chelsea G. Summers,Missing,3.95,11889
The Children on the Hill (Hardcover),Jennifer  McMahon,Missing,3.89,13683
"American Gods (American Gods, #1)",Neil Gaiman,Missing,4.11,857733
"The Best Defense (The Walking Dead, #5)",Robert Kirkman,Missing,4.28,25002
Imajica (Paperback),Clive Barker,Missing,4.17,22051
Burn Our Bodies Down (ebook),Rory Power,Missing,3.54,9359
The King in Yellow and Other Horror Stories (Paperback),Robert W. Chambers,Missing,3.69,7912
Fledgling (Paperback),Octavia E. Butler,Missing,3.85,26336
"Pandora (New Tales of the Vampires, #1)",Anne Rice,Missing,3.78,43671
The Shining Girls (Hardcover),Lauren Beukes,Missing,3.54,46714
"Tokyo Ghoul, Tome 1 (Tokyo Ghoul, #1)",Sui Ishida,Missing,4.42,121113
Mongrels (Hardcover),Stephen Graham Jones,Missing,3.94,6220
The Fall of the House of Usher and Other Tales (Paperback),Edgar Allan Poe,Missing,4.17,71471
One Past Midnight: The Langoliers (Audio Cassette),Stephen King,Missing,3.92,38099
"Night of the Living Dummy (Goosebumps, #7)",R.L. Stine,Missing,3.84,28149
"The Murders of Molly Southbourne (Molly Southbourne, #1)",Tade Thompson,Missing,3.82,5074
Wylding Hall (ebook),Elizabeth Hand,Missing,3.83,5361
"Blackout (Newsflesh, #3)",Mira Grant,Missing,4.09,21930
The Bone Houses (Hardcover),Emily Lloyd-Jones,Missing,4.01,17189
Lock Every Door (ebook),Riley Sager,Missing,3.91,142749
Between Two Fires (Hardcover),Christopher Buehlman,Missing,4.24,7917
Sharp Objects (Paperback),Gillian Flynn,Missing,4.01,870211
Suffer the Children (Paperback),John Saul,Missing,3.92,29999
The Wind Through the Keyhole (Kindle Edition),Stephen King,Missing,4.15,75549
Missing,Missing,Missing,0,0
Missing,Missing,Missing,0,0
"Chilling Adventures of Sabrina, Vol. 1: The Crucible (Paperback)",Roberto Aguirre-Sacasa,Missing,3.95,12547
The Last Days of Jack Sparks (Paperback),Jason Arnopp,Missing,3.89,7712
Gallant (Hardcover),V.E. Schwab,Missing,3.80,54283
"Blood And Gold (The Vampire Chronicles, #8)",Anne Rice,Missing,3.91,33613
I Remember You (Paperback),Yrsa Sigurðardóttir,Missing,3.86,9572
The Dangers of Smoking in Bed (Hardcover),Mariana Enríquez,Missing,3.88,18887
More Tales to Chill Your Bones (Paperback),Alvin Schwartz,Missing,4.16,15138
Collected Ghost Stories (Hardcover),M.R. James,Missing,4.14,7172
Growing Things and Other Stories (Hardcover),Paul Tremblay,Missing,3.50,5285
The Child Thief (Hardcover),Brom,Missing,4.09,16403
The Bad Seed (Paperback),William March,Missing,4.03,17794
The Drowning Kind (Hardcover),Jennifer  McMahon,Missing,3.83,19473
"Say Cheese and Die! (Goosebumps, #4)",R.L. Stine,Missing,3.77,24054
The Scarlet Gospels (Hardcover),Clive Barker,Missing,3.49,8722
Shutter Island (Mass Market Paperback),Dennis Lehane,Missing,4.10,181082
The Dunwich Horror and Others (Hardcover),H.P. Lovecraft,Missing,4.19,14751
Songs of a Dead Dreamer and Grimscribe (Paperback),Thomas Ligotti,Missing,3.99,3921
Twilight Eyes (Paperback),Dean Koontz,Missing,3.91,26088
"This Sorrowful Life (The Walking Dead, #6)",Robert Kirkman,Missing,4.30,23753
"The Reapers are the Angels (Reapers, #1)",Alden Bell,Missing,3.89,11684
A Winter Haunting (Seasons of Horror #4),Dan Simmons,Missing,3.60,8995
Fragments of Horror (Hardcover),Junji Ito,Missing,4.10,11479
"The Madman's Daughter (The Madman's Daughter, #1)",Megan Shepherd,Missing,3.67,23575
Whispers (Paperback),Dean Koontz,Missing,3.93,32393
Dark Places (Hardcover),Gillian Flynn,Missing,3.95,674619
Experimental Film (Paperback),Gemma Files,Missing,3.60,2546
Little Heaven (Hardcover),Nick Cutter,Missing,3.79,5363
They Thirst (Hardcover),Robert McCammon,Missing,3.91,12008
Sorrowland (Hardcover),Rivers Solomon,Missing,3.83,8675
Wakenhyrst (Hardcover),Michelle Paver,Missing,3.88,14334
The Carrow Haunt (Kindle Edition),Darcy Coates,Missing,4.11,8612
"Books of Blood, Volume Two (Books of Blood, #2)",Clive Barker,Missing,4.09,11128
The Devil All the Time (Hardcover),Donald Ray Pollock,Missing,4.12,30655
The Walking Dead: Compendium One (Paperback),Robert Kirkman,Missing,4.44,67401
"Neverwhere (London Below, #1)",Neil Gaiman,Missing,4.17,486300
FantasticLand (Hardcover),Mike Bockoven,Missing,3.99,9168
The Invisible Man (Paperback),H.G. Wells,Missing,3.64,173642
"Afraid (Afraid, #1)",Jack Kilborn,Missing,3.91,9129
The Dead and the Dark (Hardcover),Courtney Gould,Missing,3.95,6252
The Funhouse (Paperback),Dean Koontz,Missing,3.64,22633
False Memory (Paperback),Dean Koontz,Missing,3.89,45255
Geek Love (Paperback),Katherine Dunn,Missing,3.96,62758
Roadwork (Paperback),Richard Bachman,Missing,3.60,33555
The Complete Works of H.P. Lovecraft (Kindle Edition),H.P. Lovecraft,Missing,4.35,16091
The Cellar (Paperback),Richard Laymon,Missing,3.65,7552
Revenge (Paperback),Yōko Ogawa,Missing,4.01,15988
The Day of the Triffids (Paperback),John Wyndham,Missing,4.01,99946
The Saturday Night Ghost Club (Hardcover),Craig Davidson,Missing,3.89,12946
"Blackwood Farm (The Vampire Chronicles, #9)",Anne Rice,Missing,3.88,31826
The Burning Girls (Hardcover),C.J. Tudor,Missing,4.04,27060
Missing,Missing,Missing,0,0
Missing,Missing,Missing,0,0
The Rising (The Rising #1),Brian Keene,Missing,3.80,9942
The Woman in White (Paperback),Wilkie Collins,Missing,4.00,144927
Manhunt (Paperback),Gretchen Felker-Martin,Missing,3.64,4234
"The Calm Before (The Walking Dead, #7)",Robert Kirkman,Missing,4.26,21920
"Made to Suffer (The Walking Dead, #8)",Robert Kirkman,Missing,4.45,26283
The Night Sister (Hardcover),Jennifer  McMahon,Missing,3.70,21033
"Fear Nothing (Moonlight Bay, #1)",Dean Koontz,Missing,4.00,36275
Remina (Hardcover),Junji Ito,Missing,3.67,10093
"Uzumaki: Spiral into Horror, Vol. 2. (Paperback)",Junji Ito,Missing,4.32,11039
"Here We Remain (The Walking Dead, #9)",Robert Kirkman,Missing,4.24,18064
Smashed: Junji Ito Story Collection (Hardcover),Junji Ito,Missing,4.13,10058
The Hatching (The Hatching #1),Ezekiel Boone,Missing,3.67,6091
Maplecroft (The Borden Dispatches #1),Cherie Priest,Missing,3.58,4448
"Darkhouse (Experiment in Terror, #1)",Karina Halle,Missing,3.77,17117
"Bad Girls Don't Die (Bad Girls Don't Die, #1)",Katie Alender,Missing,4.02,28032
All's Well (Hardcover),Mona Awad,Missing,3.66,10114
"Lord Loss (The Demonata, #1)",Darren Shan,Missing,4.23,21844
The Imago Sequence and Other Stories (Hardcover),Laird Barron,Missing,4.01,3710
Teatro Grottesco (Hardcover),Thomas Ligotti,Missing,4.10,4496
"The Call (The Call, #1)",Peadar Ó Guilín,Missing,3.84,13078
"The Descent (Descent, #1)",Jeff Long,Missing,3.96,8179
The Family Plot (Hardcover),Cherie Priest,Missing,3.65,3528
"Twilight (The Twilight Saga, #1)",Stephenie Meyer,Missing,3.63,5921891
Lost Boy: The True Story of Captain Hook (Paperback),Christina Henry,Missing,4.22,21589
The Vampyre (Paperback),John William Polidori,Missing,3.30,9561
The Vegetarian (Hardcover),Han Kang,Missing,3.59,131177
The Anomaly (The Anomaly Files #1),Michael Rutger,Missing,3.79,9868
The Shuddering (Paperback),Ania Ahlborn,Missing,3.73,5336
"Stay Out of the Basement  (Goosebumps, #2)",R.L. Stine,Missing,3.69,18903
"The Haunted Mask (Goosebumps, #11)",R.L. Stine,Missing,3.84,21153
"What We Become (The Walking Dead, #10)",Robert Kirkman,Missing,4.27,18054
The Red Tree (Paperback),Caitlín R. Kiernan,Missing,3.66,3322
Velocity (Mass Market Paperback),Dean Koontz,Missing,3.87,61857
"This is Not a Test (This is Not a Test, #1)",Courtney Summers,Missing,3.85,14061
"The Atrocity Archives (Laundry Files, #1)",Charles Stross,Missing,3.90,24221
Coldheart Canyon (Paperback),Clive Barker,Missing,3.70,8071
Apt Pupil (Paperback),Stephen King,Missing,3.91,31206
The Last Werewolf (The Last Werewolf #1),Glen Duncan,Missing,3.46,15642
Earthlings (Hardcover),Sayaka Murata,Missing,3.58,28274
The Monkey's Paw (Hardcover),W.W. Jacobs,Missing,3.84,12355
"Uzumaki: Spiral Into Horror, Vol. 3 (Paperback)",Junji Ito,Missing,4.26,9964
The Chalk Man (Hardcover),C.J. Tudor,Missing,3.71,89239
The Traveling Vampire Show (Mass Market Paperback),Richard Laymon,Missing,3.84,8386
The Pallbearers Club (Hardcover),Paul Tremblay,Missing,3.22,4632
City of Night (Dean Koontz's Frankenstein #2),Dean Koontz,Missing,3.99,22639
Slewfoot: A Tale of Bewitchery (Hardcover),Brom,Missing,4.35,5159
"Ararat (Ben Walker, #1)",Christopher Golden,Missing,3.38,5735
North American Lake Monsters (Hardcover),Nathan Ballingrud,Missing,4.00,4217
House of Hunger (Hardcover),Alexis Henderson,Missing,3.76,1886
Audition (Hardcover),Ryū Murakami,Missing,3.52,9603
Missing,Missing,Missing,0,0
Missing,Missing,Missing,0,0
Legion (Hardcover),William Peter Blatty,Missing,3.72,10337
The Wendigo (Paperback),Algernon Blackwood,Missing,3.82,5349
This House Is Haunted (Hardcover),John Boyne,Missing,3.60,12897
Cold Fire (Paperback),Dean Koontz,Missing,3.82,24649
"What the Hell Did I Just Read (John Dies at the End, #3)",David  Wong,Missing,4.16,12267
"30 Days of Night, Vol. 1 (Paperback)",Steve Niles,Missing,3.79,19521
Lullaby (Paperback),Chuck Palahniuk,Missing,3.74,94735
The Patient (Kindle Edition),Jasper DeWitt,Missing,3.51,11867
"Rise of the Governor (The Walking Dead: Novels, #1)",Robert Kirkman,Missing,3.89,19271
"I Hunt Killers (I Hunt Killers, #1)",Barry Lyga,Missing,4.02,37661
Harbor (Hardcover),John Ajvide Lindqvist,Missing,3.66,7250
Fairy Tale (Hardcover),Stephen King,Missing,4.29,37487
The Devil Crept In (Paperback),Ania Ahlborn,Missing,3.64,4858
Storm of the Century (Paperback),Stephen King,Missing,3.95,22922
Dragon Tears (Paperback),Dean Koontz,Missing,3.76,22265
Fellside (Hardcover),M.R. Carey,Missing,3.57,13467
"Fear the Hunters (The Walking Dead, #11)",Robert Kirkman,Missing,4.32,18091
"Harrow County, Vol. 1: Countless Haints (Paperback)",Cullen Bunn,Missing,4.04,5944
Mr. Murder (Paperback),Dean Koontz,Missing,3.78,26102
The Vampire's Assistant (Cirque du Freak #2),Darren Shan,Missing,4.13,41704
"The Inhuman Condition (Books of Blood, #4)",Clive Barker,Missing,3.96,7887
No One Gets Out Alive (Paperback),Adam Nevill,Missing,3.69,3814
Servant of the Bones (Hardcover),Anne Rice,Missing,3.74,29719
Suffer the Children (Paperback),Craig DiLouie,Missing,3.91,3464
The Boatman's Daughter (Paperback),Andy  Davidson,Missing,3.52,3749
Gone to See the River Man (Kindle Edition),Kristopher Triana,Missing,3.72,6222
The Beautiful Thing That Awaits Us All (Hardcover),Laird Barron,Missing,3.98,3670
"The Laughing Corpse (Anita Blake, Vampire Hunter, #2)",Laurell K. Hamilton,Missing,4.12,82738
The Book of Lost Things (Hardcover),John Connolly,Missing,3.95,74814
Naomi's Room (Paperback),Jonathan Aycliffe,Missing,3.69,4294
The Haunted (Paperback),Bentley Little,Missing,3.57,7764
Drood (Hardcover),Dan Simmons,Missing,3.52,15601
The Wolf's Hour (Michael Gallatin #1),Robert McCammon,Missing,4.07,10920
Children of the Night (Seasons of Horror #2),Dan Simmons,Missing,3.72,7559
77 Shadow Street (Hardcover),Dean R. Koontz,Missing,3.36,20364
"The Walking Dead, Book One (Hardcover)",Robert Kirkman,Missing,4.35,36508
Under the Skin (Paperback),Michel Faber,Missing,3.74,23597
The Store (Paperback),Bentley Little,Missing,3.85,7537
"Nightmare at 20,000 Feet (Paperback)",Richard Matheson,Missing,4.07,7672
"Odd Hours (Odd Thomas, #4)",Dean Koontz,Missing,3.96,45326
"Too Far Gone (The Walking Dead, #13)",Robert Kirkman,Missing,4.21,14916
Invasion of the Body Snatchers (Paperback),Jack Finney,Missing,3.90,21044
The Rats in the Walls (Paperback),H.P. Lovecraft,Missing,4.02,8749
The Broken Girls (Kindle Edition),Simone St. James,Missing,4.07,81772
The Rats in the Walls (Paperback),H.P. Lovecraft,Missing,4.02,8749
"Meg (MEG, #1)",Steve Alten,Missing,3.76,20510
Smoke and Mirrors: Short Fiction and Illusions (Mass Market Paperback),Neil Gaiman,Missing,4.02,68775
"Life Among Them (The Walking Dead, #12)",Robert Kirkman,Missing,4.31,19753
"Night Watch (Watch, #1)",Sergei Lukyanenko,Missing,3.97,42037
Fragile Things: Short Fictions and Wonders (Paperback),Neil Gaiman,Missing,3.96,66840
Missing,Missing,Missing,0,0
Missing,Missing,Missing,0,0
Doll Bones (Hardcover),Holly Black,Missing,3.68,27375
"Vittorio, The Vampire (New Tales of the Vampires, #2)",Anne Rice,Missing,3.53,27009
What Big Teeth (Hardcover),Rose Szabo,Missing,3.42,4959
Black Hole (Hardcover),Charles Burns,Missing,3.84,46938
Within These Walls (Paperback),Ania Ahlborn,Missing,3.61,4388
Bone White (Paperback),Ronald Malfi,Missing,3.89,3870
Goth (Paperback),Otsuichi,Missing,4.05,3738
172 Hours on the Moon (Paperback),Johan Harstad,Missing,3.54,12847
"Revenge of the Witch (The Last Apprentice / Wardstone Chronicles, #1)",Joseph Delaney,Missing,4.00,46647
"Unwind (Unwind, #1)",Neal Shusterman,Missing,4.17,213013
Creepshow (Paperback),Stephen King,Missing,4.07,37555
Just Like Mother (Hardcover),Anne Heltzel,Missing,3.74,4467
Zombie (Paperback),Joyce Carol Oates,Missing,3.34,9840
The Last Final Girl (Paperback),Stephen Graham Jones,Missing,3.14,2936
"Haunted (David Ash, #1)",James Herbert,Missing,3.79,7191
From the Corner of His Eye (Mass Market Paperback),Dean Koontz,Missing,4.05,31139
You Should Have Left (Kindle Edition),Daniel Kehlmann,Missing,3.50,5825
"The Enemy (The Enemy, #1)",Charlie Higson,Missing,4.10,23223
Last Days (Paperback),Brian Evenson,Missing,3.78,3649
"Down Among the Sticks and Bones (Wayward Children, #2)",Seanan McGuire,Missing,4.15,44230
The Door to December (Paperback),Richard Paige,Missing,3.96,36578
The Night Gardener (Hardcover),Jonathan Auxier,Missing,4.06,18510
The Toll (Paperback),Cherie Priest,Missing,3.42,2758
"Hollow City (Miss Peregrine's Peculiar Children, #2)",Ransom Riggs,Missing,4.06,223135
Ghost Stories of an Antiquary (Paperback),M.R. James,Missing,4.07,4854
"Books of Blood, Volume Three (Books of Blood, #3)",Clive Barker,Missing,4.17,11379
"Reliquary (Pendergast, #2)",Douglas Preston,Missing,4.03,43381
"Vamphyri! (Necroscope, #2)",Brian Lumley,Missing,4.11,7496
The Ghost Tree (Paperback),Christina Henry,Missing,3.82,4661
American Elsewhere (Paperback),Robert Jackson Bennett,Missing,3.78,6377
Road of Bones (Hardcover),Christopher Golden,Missing,3.46,2970
"Metro 2033 (Metro, #1)",Dmitry Glukhovsky,Missing,4.00,53729
Night Chills (Paperback),Dean Koontz,Missing,3.89,25248
"Blood Canticle (The Vampire Chronicles, #10)",Anne Rice,Missing,3.73,23342
The Devil in Silver (Hardcover),Victor LaValle,Missing,3.55,4866
Cackle (Paperback),Rachel   Harrison,Missing,3.71,11598
Hunted (Kindle Edition),Darcy Coates,Missing,4.08,9505
Who Goes There? (Paperback),John W. Campbell Jr.,Missing,3.82,8333
Floating Dragon (Paperback),Peter Straub,Missing,3.84,11900
"The Curse of the Wendigo (The Monstrumologist, #2)",Rick Yancey,Missing,4.17,7207
"Circus of the Damned (Anita Blake, Vampire Hunter, #3)",Laurell K. Hamilton,Missing,4.16,91919
The Lesser Dead (Hardcover),Christopher Buehlman,Missing,4.03,4130
"Hater (Hater, #1)",David Moody,Missing,3.65,10078
The Thing on the Doorstep and Other Weird Stories (Paperback),H.P. Lovecraft,Missing,4.29,9491
"City of Ghosts (Cassidy Blake, #1)",Victoria Schwab,Missing,3.90,56656
The Loney (Hardcover),Andrew Michael Hurley,Missing,3.27,15101
The Weight of Blood (Hardcover),Tiffany D. Jackson,Missing,4.35,3644
"Dream Country (The Sandman, #3)",Neil Gaiman,Missing,4.24,112513
The Secret of Crickley Hall (Hardcover),James Herbert,Missing,3.91,8730
Suicide Forest (World's Scariest Places #1),Jeremy Bates,Missing,3.70,5889
Missing,Missing,Missing,0,0
Missing,Missing,Missing,0,0
The Mary Shelley Club (Hardcover),Goldy Moldavsky,Missing,3.94,7409
The Replacement (Hardcover),Brenna Yovanoff,Missing,3.55,19682
Tunnels of Blood (Cirque du Freak #3),Darren Shan,Missing,4.14,35922
"Attack on Titan, Vol. 1 (Attack on Titan, #1)",Hajime Isayama,Missing,4.47,198844
Daughters Unto Devils (Hardcover),Amy Lukavics,Missing,3.58,3859
"Your House Is on Fire, Your Children All Gone (Paperback)",Stefan Kiesbye,Missing,3.32,3679
Ghost Wall (Hardcover),Sarah Moss,Missing,3.77,19653
"Johannes Cabal the Necromancer (Johannes Cabal, #1)",Jonathan L. Howard,Missing,3.92,19337
"Monster Blood (Goosebumps, #3)",R.L. Stine,Missing,3.52,12051
"Spiral (Ring, #2)",Kōji Suzuki,Missing,3.76,5672
"The Three (The Three, #1)",Sarah Lotz,Missing,3.31,13600
The Midwich Cuckoos (Mass Market Paperback),John Wyndham,Missing,3.92,22452
Alice Isn't Dead (Hardcover),Joseph Fink,Missing,3.65,7650
"No Way Out (The Walking Dead, #14)",Robert Kirkman,Missing,4.32,17070
We Need to Talk About Kevin (Paperback),Lionel Shriver,Missing,4.07,181893
"Mr. Monster (John Cleaver, #2)",Dan Wells,Missing,4.11,12931
Thornhill (Kindle Edition),Pam Smy,Missing,3.78,11630
Tales of H.P. Lovecraft (Paperback),H.P. Lovecraft,Missing,4.23,9150
"Dead Voices (Small Spaces, #2)",Katherine Arden,Missing,4.07,7771
Come with Me (Kindle Edition),Ronald Malfi,Missing,4.02,5992
"Hammers on Bone (Persons Non Grata, #1)",Cassandra Khaw,Missing,3.64,3624
"Lockdown (Escape from Furnace, #1)",Alexander Gordon Smith,Missing,4.11,19101
Hell Followed With Us (Hardcover),Andrew Joseph White,Missing,4.26,3754
Cursed Bunny (Paperback),Bora Chung,Missing,3.91,5224
Demon Seed (Paperback),Dean Koontz,Missing,3.44,14813
The Turn of the Key (Hardcover),Ruth Ware,Missing,3.94,216710
Occultation and Other Stories (Hardcover),Laird Barron,Missing,4.08,3174
The Need (Hardcover),Helen          Phillips,Missing,3.15,13059
Frankenstein in Baghdad (Paperback),Ahmed Saadawi,Missing,3.57,14095
"One Day at Horrorland (Goosebumps, #16)",R.L. Stine,Missing,3.91,17920
Cold Moon Over Babylon (Paperback),Michael McDowell,Missing,3.98,3189
Billy Summers (Hardcover),Stephen King,Missing,4.24,108034
Foe (Hardcover),Iain Reid,Missing,3.72,13793
"Lair (Rats, #2)",James Herbert,Missing,3.94,7154
Beloved (Kindle Edition),Toni Morrison,Missing,3.92,387766
"Petals on the Wind (Dollanganger, #2)",V.C. Andrews,Missing,3.82,60592
Catherine House (Hardcover),Elisabeth    Thomas,Missing,3.11,21357
The Loop (Hardcover),Jeremy Robert Johnson,Missing,3.42,4259
When I Arrived at the Castle (Paperback),Emily Carroll,Missing,3.70,3972
We Are All Completely Fine (Paperback),Daryl Gregory,Missing,3.75,4077
"The Wide, Carnivorous Sky and Other Monstrous Geographies (Paperback)",John  Langan,Missing,4.08,2398
The War of the Worlds (Paperback),H.G. Wells,Missing,3.83,284645
How to Sell a Haunted House (Hardcover),Grady Hendrix,Missing,4.14,265
The Dream Cycle of H.P. Lovecraft: Dreams of Terror and Death (Paperback),H.P. Lovecraft,Missing,4.23,6855
"We Find Ourselves (The Walking Dead, #15)",Robert Kirkman,Missing,4.12,12898
"What the Night Knows (What the Night Knows, #1)",Dean Koontz,Missing,3.77,19869
UR (Kindle Edition),Stephen King,Missing,3.72,19230
The Dark (Paperback),James Herbert,Missing,3.84,6728
Nightbitch (Hardcover),Rachel Yoder,Missing,3.66,18595
"Empire of the Vampire (Empire of the Vampire, #1)",Jay Kristoff,Missing,4.41,25222
Missing,Missing,Missing,0,0
Missing,Missing,Missing,0,0
The Diary of Ellen Rimbauer: My Life at Rose Red (Mass Market Paperback),Joyce Reardon,Missing,3.69,9800
Frankenstein (Paperback),Junji Ito,Missing,3.99,6995
Goddess of Filth (Paperback),V. Castro,Missing,3.75,2242
Venus in the Blind Spot (Hardcover),Junji Ito,Missing,4.14,7238
"You (You, #1)",Caroline Kepnes,Missing,3.95,207073
Life Expectancy (Paperback),Dean Koontz,Missing,3.99,35655
Sunshine (Mass Market Paperback),Robin McKinley,Missing,3.84,40845
El horror de Dunwich (Paperback),H.P. Lovecraft,Missing,3.81,7869
The Hole (Hardcover),Hye-Young Pyun,Missing,3.38,5062
Universal Harvester (Hardcover),John Darnielle,Missing,3.22,15225
"The Summer I Died (The Roger Huntington Saga, #1)",Ryan C. Thomas,Missing,3.86,2999
"Monster Island (Monster Island, #1)",David Wellington,Missing,3.60,10642
Dark Water (Paperback),Kōji Suzuki,Missing,3.62,4023
Sole Survivor (Paperback),Dean Koontz,Missing,3.80,28939
Ten (Hardcover),Gretchen McNeil,Missing,3.68,15260
The Woods Are Dark (Paperback),Richard Laymon,Missing,3.57,4915
Harrow Lake (Hardcover),Kat Ellis,Missing,3.56,3886
The Reddening (Hardcover),Adam Nevill,Missing,3.70,3433
The Servants of Twilight (Paperback),Leigh Nichols,Missing,3.90,20809
"Seize the Night (Moonlight Bay, #2)",Dean Koontz,Missing,4.09,28105
The Silence (Paperback),Tim Lebbon,Missing,3.82,5410
Song for the Unraveling of the World (Paperback),Brian Evenson,Missing,3.89,2650
The Supernatural Enhancements (Hardcover),Edgar Cantero,Missing,3.64,7022
"The Lunatic Cafe (Anita Blake, Vampire Hunter #4)",Laurell K. Hamilton,Missing,4.12,76406
The Auctioneer (Paperback),Joan Samson,Missing,3.82,2471
The Complete Tales and Poems (Hardcover),Edgar Allan Poe,Missing,4.49,8926
Leech (Hardcover),Hiron Ennes,Missing,3.84,808
"Outcast, Vol. 1: A Darkness Surrounds Him (Paperback)",Robert Kirkman,Missing,3.85,8279
We Need to Do Something (Paperback),Max Booth III,Missing,3.51,3502
Pine (Hardcover),Francine Toon,Missing,3.40,11457
Stinger (Kindle Edition),Robert McCammon,Missing,3.89,7966
Devil House (Hardcover),John Darnielle,Missing,3.33,7645
The Daughter of Doctor Moreau (Hardcover),Silvia Moreno-Garcia,Missing,3.69,8716
"Seed of Destruction (Hellboy, #1)",Mike Mignola,Missing,4.14,70711
Winter Moon (Paperback),Dean Koontz,Missing,3.86,17702
"Bloody Bones (Anita Blake, Vampire Hunter #5)",Laurell K. Hamilton,Missing,4.11,72381
"The Curse of the Mummy's Tomb (Goosebumps, #5)",R.L. Stine,Missing,3.67,14518
When No One Is Watching (Paperback),Alyssa Cole,Missing,3.53,70029
Dead and Alive (Dean Koontz's Frankenstein #3),Dean Koontz,Missing,4.02,24590
"Living Dead in Dallas (Sookie Stackhouse, #2)",Charlaine Harris,Missing,3.96,244649
"A Larger World (The Walking Dead, #16)",Robert Kirkman,Missing,4.16,12039
The Book of Cold Cases (Hardcover),Simone St. James,Missing,3.83,67902
Koko (Paperback),Peter Straub,Missing,3.59,9358
"Season of Mists (The Sandman, #4)",Neil Gaiman,Missing,4.54,71247
"The Source (Necroscope, #3)",Brian Lumley,Missing,4.15,6478
Usher's Passing (Mass Market Paperback),Robert McCammon,Missing,3.94,4806
"The Dead-Tossed Waves (The Forest of Hands and Teeth, #2)",Carrie Ryan,Missing,3.91,30608
The Companion (Hardcover),Katie Alender,Missing,3.85,5733
The Boy Who Drew Monsters (Hardcover),Keith Donohue,Missing,3.48,6586
The Face (Mass Market Paperback),Dean Koontz,Missing,3.73,21795
Missing,Missing,Missing,0,0
Missing,Missing,Missing,0,0
Small Favors (Hardcover),Erin A. Craig,Missing,4.05,11067
Unbury Carol (Hardcover),Josh Malerman,Missing,3.33,5196
House (Kindle Edition),Frank E. Peretti,Missing,3.57,25380
"The Low, Low Woods (Hardcover)",Carmen Maria Machado,Missing,3.94,3793
Reprieve (Hardcover),James Han Mattson,Missing,3.43,4549
Survive the Night (Hardcover),Riley Sager,Missing,3.51,82348
The Dream-Quest of Unknown Kadath (Mass Market Paperback),H.P. Lovecraft,Missing,3.96,6674
Woom (Kindle Edition),Duncan Ralston,Missing,3.43,9581
"Sanctum (Asylum, #2)",Madeleine Roux,Missing,3.88,17649
Krampus: The Yule Lord (Hardcover),Brom,Missing,4.10,7305
Island (Paperback),Richard Laymon,Missing,3.79,6371
Echo (Hardcover),Thomas Olde Heuvelt,Missing,3.54,3522
"Sandman Slim (Sandman Slim, #1)",Richard Kadrey,Missing,3.94,35141
Everville (Book of the Art #2),Clive Barker,Missing,4.04,10543
The Canterville Ghost (Hardcover),Oscar Wilde,Missing,3.88,66181
The Merry Spinster: Tales of Everyday Horror (Paperback),Daniel M. Lavery,Missing,3.30,5985
"Something to Fear (The Walking Dead, #17)",Robert Kirkman,Missing,4.33,13300
Darkness (Paperback),John Saul,Missing,3.95,20855
"Day by Day Armageddon (Day by Day Armageddon, #1)",J.L. Bourne,Missing,4.01,17417
Wanderers (ebook),Chuck Wendig,Missing,3.97,20389
The Body (Paperback),Robin Waterfield,Missing,4.28,40320
Thirteen Storeys (Paperback),Jonathan Sims,Missing,3.93,3802
The Bird Eater (Audio CD),Ania Ahlborn,Missing,3.51,8109
Blockade Billy (Hardcover),Stephen King,Missing,3.46,21174
"The First Days (As the World Dies, #1)",Rhiannon Frater,Missing,3.77,9642
Anya's Ghost (Hardcover),Vera Brosgol,Missing,3.91,79642
The Demonologist (Hardcover),Andrew Pyper,Missing,3.32,9289
"Vampire Mountain (Cirque Du Freak, #4)",Darren Shan,Missing,4.16,32559
Dagon (Kindle Edition),H.P. Lovecraft,Missing,3.70,7478
Inspection (Kindle Edition),Josh Malerman,Missing,3.48,6718
The Drowning Girl (Paperback),Caitlín R. Kiernan,Missing,3.72,5042
"Snow, Glass, Apples (Hardcover)",Colleen Doran,Missing,4.10,10059
Blindness (Kindle Edition),José Saramago,Missing,4.16,252069
Wait Till Helen Comes (Paperback),Mary Downing Hahn,Missing,4.13,21994
By the Light of the Moon (Paperback),Dean Koontz,Missing,3.88,24556
"My Favorite Thing Is Monsters, Vol. 1 (My Favorite Thing Is Monsters, #1)",Emil Ferris,Missing,4.22,20106
"My Soul to Keep (African Immortals, #1)",Tananarive Due,Missing,4.15,5587
"Prince Lestat (The Vampire Chronicles, #11)",Anne Rice,Missing,3.82,22018
Falling Angel (Hardcover),William Hjortsberg,Missing,3.91,4608
"The Tomb (Repairman Jack, #1)",F. Paul Wilson,Missing,4.05,8295
Wormwood (Mass Market Paperback),Poppy Z. Brite,Missing,3.92,5534
Shutter (Hardcover),Courtney Alameda,Missing,3.77,2837
"Harrow the Ninth (The Locked Tomb, #2)",Tamsyn Muir,Missing,4.29,39527
The Enigma of Amigara Fault (ebook),Junji Ito,Missing,4.35,6845
"The Living Dead (The Living Dead, #1)",John Joseph Adams,Missing,3.85,9082
"Trials of Death (Cirque Du Freak, #5)",Darren Shan,Missing,4.25,30296
"Death Note, Vol. 1: Boredom (Death Note, #1)",Tsugumi Ohba,Missing,4.46,259516
Strange Highways (Hardcover),Dean Koontz,Missing,3.87,19481
The Woods Are Always Watching (Hardcover),Stephanie Perkins,Missing,3.08,6313
Wonderland (Hardcover),Zoje Stage,Missing,3.11,3792
Missing,Missing,Missing,0,0
Missing,Missing,Missing,0,0
Dark Tales (Hardcover),Shirley Jackson,Missing,4.02,5457
Riding the Bullet (Audio Cassette),Stephen King,Missing,3.65,16534
Goblin (Hardcover),Josh Malerman,Missing,3.42,3691
Apartment 16 (Paperback),Adam Nevill,Missing,3.19,4662
"Welcome to Camp Nightmare  (Goosebumps, #9)",R.L. Stine,Missing,3.78,15520
"Odd Apocalypse (Odd Thomas, #5)",Dean Koontz,Missing,3.98,27478
And Then There Were None (Paperback),Agatha Christie,Missing,4.28,1129330
"The Last Town (Wayward Pines, #3)",Blake Crouch,Missing,4.09,52953
The Wolfen (Paperback),Whitley Strieber,Missing,3.84,7138
The Fervor (Hardcover),Alma Katsu,Missing,3.67,1926
Twelve Nights at Rotter House (Paperback),J.W. Ocker,Missing,3.43,2558
"Frozen Charlotte (Frozen Charlotte, #1)",Alex Bell,Missing,4.22,8998
"Wayward (Wayward Pines, #2)",Blake Crouch,Missing,4.14,57762
The Book Eaters (Hardcover),Sunyi Dean,Missing,3.78,7965
The Nest (Kindle Edition),Kenneth Oppel,Missing,3.73,9944
The Dead Girls of Hysteria Hall (Hardcover),Katie Alender,Missing,3.98,6885
Little Star (Hardcover),John Ajvide Lindqvist,Missing,3.63,6765
You've Lost a Lot of Blood (Paperback),Eric LaRocca,Missing,3.44,2999
Sensor (Hardcover),Junji Ito,Missing,3.59,5871
The House of Thunder (Mass Market Paperback),Leigh Nichols,Missing,3.80,18267
Basketful of Heads (Hardcover),Joe Hill,Missing,4.08,4568
"Revival, Vol. 1: You're Among Friends (Paperback)",Tim Seeley,Missing,3.86,8496
The Hiding Place (Hardcover),C.J. Tudor,Missing,3.62,27899
"The Black Barn (Gideon Falls, #1)",Jeff Lemire,Missing,4.15,6714
"Ashes (Ashes Trilogy, #1)",Ilsa J. Bick,Missing,3.94,25004
Creature (Paperback),John Saul,Missing,3.85,10980
Herbert West—Reanimator (Paperback),H.P. Lovecraft,Missing,3.85,5704
"Agents of Dreamland (Tinfoil Dossier, #1)",Caitlín R. Kiernan,Missing,3.67,3762
Violet (Paperback),Scott   Thomas,Missing,3.56,2158
Endless Night (Paperback),Richard Laymon,Missing,3.93,5264
"I Don't Want to Kill You (John Cleaver, #3)",Dan Wells,Missing,4.23,10517
Darkness on the Edge of Town (Paperback),Brian Keene,Missing,3.66,3655
The Remaking (Paperback),Clay McLeod Chapman,Missing,3.25,2066
"Contagion (Contagion, #1)",Erin Bowman,Missing,3.89,5315
A Lush and Seething Hell: Two Tales of Cosmic Horror (Hardcover),John Hornor Jacobs,Missing,3.85,2026
Cold Hand in Mine: Strange Stories (Hardcover),Robert Aickman,Missing,3.98,2888
"Dearly Devoted Dexter (Dexter, #2)",Jeff Lindsay,Missing,3.86,47770
"Club Dead (Sookie Stackhouse, #3)",Charlaine Harris,Missing,4.01,228960
Tales of Mystery and Imagination (Hardcover),Edgar Allan Poe,Missing,4.12,9034
Dissolving Classroom (Paperback),Junji Ito,Missing,3.82,6909
"The Whispering Skull (Lockwood & Co., #2)",Jonathan Stroud,Missing,4.34,21273
"The Killing Dance (Anita Blake, Vampire Hunter, #6)",Laurell K. Hamilton,Missing,4.13,70951
In a Glass Darkly (Paperback),J. Sheridan Le Fanu,Missing,3.84,4973
"Alien: Out of the Shadows (Canonical Alien Trilogy, #1)",Tim Lebbon,Missing,3.80,9823
Wounds: Six Stories from the Border of Hell (Hardcover),Nathan Ballingrud,Missing,4.08,2367
The Hollow Ones (Hardcover),Guillermo del Toro,Missing,3.69,5987
"Swamp Thing, Vol. 1: Saga of the Swamp Thing (Paperback)",Alan Moore,Missing,4.22,25501
The Legend of Sleepy Hollow and Other Stories (Paperback),Washington Irving,Missing,3.93,54364
The Howling (Mass Market Paperback),Gary Brandner,Missing,3.95,13522
The Lighthouse Witches (Paperback),C.J.  Cooke,Missing,3.98,10207
Missing,Missing,Missing,0,0
Missing,Missing,Missing,0,0
"A Deadly Education (The Scholomance, #1)",Naomi Novik,Missing,4.01,106167
1984 (Paperback),George Orwell,Missing,4.19,3976948
One Rainy Night (Paperback),Richard Laymon,Missing,3.86,4088
The Bright Lands (Hardcover),John Fram,Missing,3.42,3805
Thin Air: A Ghost Story (Hardcover),Michelle Paver,Missing,3.82,6256
Pretty Girls (Paperback),Karin Slaughter,Missing,4.03,249557
Hemlock Grove (Paperback),Brian McGreevy,Missing,3.48,6729
Mary: An Awakening of Terror (Paperback),Nat Cassidy,Missing,3.91,1148
And Then I Woke Up (Paperback),Malcolm Devlin,Missing,3.61,1596
Coraline (Hardcover),P. Craig Russell,Missing,4.05,31643
"Alice in Zombieland (White Rabbit Chronicles, #1)",Gena Showalter,Missing,4.03,42676
Tell Me I’m Worthless (Paperback),Alison Rumfitt,Missing,4.06,1853
"Something is Killing the Children, Vol. 2 (Paperback)",James Tynion IV,Missing,4.26,5713
"The Ghost Next Door  (Goosebumps, #10)",R.L. Stine,Missing,3.77,10445
Cuckoo Song (Paperback),Frances Hardinge,Missing,3.96,7733
"The Werewolf of Fever Swamp (Goosebumps, #14)",R.L. Stine,Missing,3.84,14446
The Fifth Child (Paperback),Doris Lessing,Missing,3.60,18115
"Carter & Lovecraft (Carter & Lovecraft, #1)",Jonathan L. Howard,Missing,3.86,5426
Little Eve (Hardcover),Catriona Ward,Missing,3.89,1753
1922,Stephen King,Missing,3.92,11995
"Dead of Night (Dead of Night, #1)",Jonathan Maberry,Missing,3.98,6527
Gil's All Fright Diner (Mass Market Paperback),A. Lee Martinez,Missing,3.85,12764
House of Small Shadows (Hardcover),Adam Nevill,Missing,3.40,2758
Audrey Rose (Mass Market Paperback),Frank De Felitta,Missing,3.89,21368
The Night Strangers (Hardcover),Chris Bohjalian,Missing,3.18,16985
Ghoul (Paperback),Brian Keene,Missing,3.86,4265
Prosper's Demon (Paperback),K.J. Parker,Missing,3.73,4316
Lovesickness (Hardcover),Junji Ito,Missing,4.03,5277
A Night in the Lonesome October (Paperback),Roger Zelazny,Missing,4.20,9883
"Lair of Dreams (The Diviners, #2)",Libba Bray,Missing,4.11,30232
"The Vampire Prince (Cirque Du Freak, #6)",Darren Shan,Missing,4.23,28806
I Know What You Did Last Summer (Paperback),Lois Duncan,Missing,3.45,14508
"Burnt Offerings (Anita Blake, Vampire Hunter, #7)",Laurell K. Hamilton,Missing,4.08,67817
Scary Stories Treasury (Hardcover),Alvin Schwartz,Missing,4.32,9003
"Perdido Street Station (New Crobuzon, #1)",China Miéville,Missing,3.97,65166
Castaways (Mass Market Paperback),Brian Keene,Missing,3.61,3242
The Between (Paperback),Tananarive Due,Missing,4.08,2369
Empire of Wild (Hardcover),Cherie Dimaline,Missing,3.76,8616
"The Handmaid's Tale (The Handmaid's Tale, #1)",Margaret Atwood,Missing,4.13,1804766
"Monstress, Vol. 2: The Blood (Paperback)",Marjorie M. Liu,Missing,4.30,18012
"Graveminder (Graveminder, #1)",Melissa Marr,Missing,3.49,12819
"Domain (Rats, #3)",James Herbert,Missing,3.99,6213
The Lost Causes of Bleak Creek (Hardcover),Rhett McLaughlin,Missing,3.94,10825
"Deadspeak (Necroscope, #4)",Brian Lumley,Missing,4.14,5136
Let's Go Play at the Adams' (Paperback),Mendal W. Johnson,Missing,3.50,2167
The Shunned House (Kindle Edition),H.P. Lovecraft,Missing,3.54,4965
After the People Lights Have Gone Off (Paperback),Stephen Graham Jones,Missing,3.70,1666
"Dust & Decay (Rot & Ruin, #2)",Jonathan Maberry,Missing,4.28,17524
"A Game of You (The Sandman, #5)",Neil Gaiman,Missing,4.42,60394
Dear Laura (Kindle Edition),Gemma Amor,Missing,3.74,3039
Missing,Missing,Missing,0,0
Missing,Missing,Missing,0,0
Revelator (Hardcover),Daryl Gregory,Missing,4.02,2785
The Eyes of Darkness (Hardcover),Dean Koontz,Missing,3.82,30532
"What Comes After (The Walking Dead, #18)",Robert Kirkman,Missing,4.22,10744
"東京喰種トーキョーグール 2 (Tokyo Ghoul, #2)",Sui Ishida,Missing,4.44,32312
Mine (Paperback),Robert McCammon,Missing,3.91,10396
Our Lady of Darkness (Mass Market Paperback),Fritz Leiber,Missing,3.65,2105
The Walking Dead: Compendium Two (Paperback),Robert Kirkman,Missing,4.52,18898
The Weird: A Compendium of Strange and Dark Stories (Paperback),Ann VanderMeer,Missing,4.26,2174
"Demon Thief (The Demonata, #2)",Darren Shan,Missing,4.16,15187
"Afterlife with Archie, Vol. 1: Escape from Riverdale (Paperback)",Roberto Aguirre-Sacasa,Missing,4.06,6701
"The Two Dead Girls (The Green Mile, #1)",Stephen King,Missing,4.51,34621
Japanese Tales of Mystery & Imagination (Paperback),Edogawa Rampo,Missing,4.05,4317
The House with a Clock in Its Walls (Paperback),John Bellairs,Missing,3.74,18600
The Yellow Wallpaper and Other Stories (Paperback),Charlotte Perkins Gilman,Missing,4.05,82220
"Obsidian Butterfly (Anita Blake, Vampire Hunter, #9)",Laurell K. Hamilton,Missing,4.09,63030
"The Unbecoming of Mara Dyer (Mara Dyer, #1)",Michelle Hodkin,Missing,4.03,168190
"Uncle Montague's Tales of Terror (Tales of Terror, #1)",Chris Priestley,Missing,4.04,5372
The Houseguest and Other Stories (Paperback),Amparo Dávila,Missing,3.76,4824
"Blue Moon (Anita Blake, Vampire Hunter, #8)",Laurell K. Hamilton,Missing,4.05,64073
Alien (Paperback),Alan Dean Foster,Missing,4.09,19402
Lost Boy Lost Girl (Mass Market Paperback),Peter Straub,Missing,3.49,5140
The Color Out of Space (ebook),H.P. Lovecraft,Missing,4.04,7096
My Dearest Darkest (Paperback),Kayla Cottingham,Missing,3.83,2301
"Let's Get Invisible! (Goosebumps, #6)",R.L. Stine,Missing,3.57,10700
Dark Rivers of the Heart (Paperback),Dean Koontz,Missing,3.93,18724
The Darkest Evening of the Year (Hardcover),Dean Koontz,Missing,3.76,27766
Dead Sea (Paperback),Brian Keene,Missing,3.86,5405
Horseman: A Tale of Sleepy Hollow (Paperback),Christina Henry,Missing,3.74,3670
Follow Me to Ground (Hardcover),Sue Rainsford,Missing,3.58,6868
"13 Bullets (Laura Caxton, #1)",David Wellington,Missing,3.63,4285
"Monster, She Wrote: The Women Who Pioneered Horror and Speculative Fiction (Kindle Edition)",Lisa Kröger,Missing,4.08,3295
"The Lamb Will Slaughter the Lion (Danielle Cain, #1)",Margaret Killjoy,Missing,3.62,2879
The Mask (Paperback),Dean Koontz,Missing,3.80,18618
Uncle Silas (Paperback),J. Sheridan Le Fanu,Missing,3.74,6194
The Ceremonies (Mass Market Paperback),T.E.D. Klein,Missing,3.83,2019
His Hideous Heart (Hardcover),Dahlia Adler,Missing,3.57,2441
Shadows (Mass Market Paperback),John Saul,Missing,3.94,11868
Helter Skelter: The True Story of the Manson Murders (Paperback),Vincent Bugliosi,Missing,4.05,138153
"House of Furies (House of Furies, #1)",Madeleine Roux,Missing,3.78,6490
"Blood Meridian, or the Evening Redness in the West (Paperback)",Cormac McCarthy,Missing,4.16,129692
"If There Be Thorns (Dollanganger, #3)",V.C. Andrews,Missing,3.77,46662
"Fatale, Vol. 1: Death Chases Me (Paperback)",Ed Brubaker,Missing,3.89,9132
"American Vampire, Vol. 2 (Hardcover)",Scott Snyder,Missing,4.06,12216
Comes the Blind Fury (Paperback),John Saul,Missing,3.97,7078
Whisper Down the Lane (Hardcover),Clay McLeod Chapman,Missing,3.60,3557
The Birds and Other Stories (ebook),Daphne du Maurier,Missing,4.06,9422
The Association (Mass Market Paperback),Bentley Little,Missing,3.89,5096
The Transition of H. P. Lovecraft: The Road to Madness (Paperback),H.P. Lovecraft,Missing,4.31,9793
A Dark Matter (Hardcover),Peter Straub,Missing,2.97,4371
"Nailbiter, Vol. 1: There Will Be Blood (Paperback)",Joshua Williamson,Missing,4.04,5867
Missing,Missing,Missing,0,0
Missing,Missing,Missing,0,0
Breed (Hardcover),Chase Novak,Missing,3.16,4135
Abandon (Kindle Edition),Blake Crouch,Missing,3.74,21372
"Contagious (Infected, #2)",Scott Sigler,Missing,4.12,10474
Out (Paperback),Natsuo Kirino,Missing,3.95,32701
The Sundial (Paperback),Shirley Jackson,Missing,3.80,4648
"Magic Cottage, Das Haus auf dem Land (Paperback)",James Herbert,Missing,3.87,6674
"Blindsight (Firefall, #1)",Peter Watts,Missing,4.01,34387
"The Scarecrow Walks at Midnight (Goosebumps, #20)",R.L. Stine,Missing,3.69,10529
The Colorado Kid (Mass Market Paperback),Stephen King,Missing,3.37,44616
"The Cabinet of Curiosities (Pendergast, #3; Nora Kelly, #0.5)",Douglas Preston,Missing,4.26,46252
Infidel (Paperback),Pornsak Pichetshote,Missing,3.87,2789
"Woman, Eating (Hardcover)",Claire Kohda,Missing,3.56,4282
"The Whispering Dead (Gravekeeper, #1)",Darcy Coates,Missing,4.06,3687
"New Moon (The Twilight Saga, #2)",Stephenie Meyer,Missing,3.58,1740253
"The Isle of Blood (The Monstrumologist, #3)",Rick Yancey,Missing,4.24,4944
The Honeys (Hardcover),Ryan La Sala,Missing,4.11,2304
Camp Slaughter (Kindle Edition),Sergio   Gomez,Missing,3.50,1932
The Voice of the Night (Mass Market Paperback),Dean Koontz,Missing,3.96,19165
"March to War (The Walking Dead, #19)",Robert Kirkman,Missing,4.22,9812
Dweller (Paperback),Jeff Strand,Missing,3.99,2902
Dracula the Un-Dead (Hardcover),Dacre Stoker,Missing,3.14,5996
"Dead to the World (Sookie Stackhouse, #4)",Charlaine Harris,Missing,4.12,252396
Living Dead Girl (Hardcover),Elizabeth Scott,Missing,3.80,29911
約束のネバーランド 1 [Yakusoku no Neverland 1] (Paperback),Kaiu Shirai,Missing,4.46,53117
The Resurrectionist: The Lost Work of Dr. Spencer Black (Hardcover),E.B. Hudspeth,Missing,3.59,5530
The Conqueror Worms (Paperback),Brian Keene,Missing,3.89,4191
Black Mad Wheel (Kindle Edition),Josh Malerman,Missing,3.28,4921
The Pilo Family Circus (Paperback),Will Elliott,Missing,3.83,3530
The Mysteries of Udolpho (Paperback),Ann Radcliffe,Missing,3.40,14462
"Hunters of the Dusk (Cirque Du Freak, #7)",Darren Shan,Missing,4.17,26321
Nettle & Bone (Hardcover),T. Kingfisher,Missing,4.27,15396
The Illustrated Man (Paperback),Ray Bradbury,Missing,4.13,90121
Shattered (Mass Market Paperback),Dean Koontz,Missing,3.91,21143
"Slawter (The Demonata, #3)",Darren Shan,Missing,4.17,13966
"The Wolf Gift (The Wolf Gift Chronicles, #1)",Anne Rice,Missing,3.56,26974
Such a Pretty Smile (Hardcover),Kristi DeMeester,Missing,3.39,2349
"Autumn (Autumn, #1)",David Moody,Missing,3.67,6680
Second Child (Paperback),John Saul,Missing,3.92,7657
A God in the Shed (A God in the Shed #1),J.-F. Dubeau,Missing,3.50,2488
"The Silver Eyes (Five Nights at Freddy's, #1)",Scott Cawthon,Missing,4.16,13990
"Endurance (Afraid, #3)",Jack Kilborn,Missing,3.93,5474
"The Suffering (The Girl from the Well, #2)",Rin Chupeco,Missing,4.15,3575
"Bunnicula (Bunnicula, #1)",Deborah Howe,Missing,3.87,66091
The Lost (Paperback),Jack Ketchum,Missing,3.77,3711
"Not Even Bones (Market of Monsters, #1)",Rebecca Schaeffer,Missing,4.17,10454
"Nocturnes (Nocturnes, #1)",John Connolly,Missing,3.92,5487
"Allies of the Night (Cirque du Freak, #8)",Darren Shan,Missing,4.19,25312
"Parasite (Parasitology, #1)",Mira Grant,Missing,3.67,16116
Child of God (Paperback),Cormac McCarthy,Missing,3.84,38474
Tales of the Cthulhu Mythos (Paperback),Jim Turner,Missing,4.21,4673
Missing,Missing,Missing,0,0
Missing,Missing,Missing,0,0
"My Sweet Audrina (Audrina, #1)",V.C. Andrews,Missing,3.87,26259
"Trapped (Afraid, #2)",Jack Kilborn,Missing,3.87,5440
The Tomb and Other Tales (Paperback),H.P. Lovecraft,Missing,4.23,7192
Run (Kindle Edition),Blake Crouch,Missing,3.86,13929
"The World of Lore: Monstrous Creatures (The World of Lore, #1)",Aaron Mahnke,Missing,3.94,5493
"The Walking Dead, Book Two (Hardcover)",Robert Kirkman,Missing,4.34,14341
Mr. Splitfoot (Hardcover),Samantha Hunt,Missing,3.65,7178
Beautiful Darkness (Hardcover),Fabien Vehlmann,Missing,3.87,9309
Rotters (Hardcover),Daniel Kraus,Missing,3.65,3482
"The Flood (Blackwater, #1)",Michael McDowell,Missing,3.99,4539
In the Dark (Paperback),Richard Laymon,Missing,3.86,4626
Starve Acre (Hardcover),Andrew Michael Hurley,Missing,3.77,5200
"The Girl Who Cried Monster (Goosebumps, #8)",R.L. Stine,Missing,3.52,7734
Blanky (Kindle Edition),Kealan Patrick Burke,Missing,3.82,2306
The Case Against Satan (Paperback),Ray Russell,Missing,3.68,1568
"Be Careful What You Wish For... (Goosebumps, #12)",R.L. Stine,Missing,3.67,10922
"Winter Tide (The Innsmouth Legacy, #1)",Ruthanna Emrys,Missing,3.75,3139
City of the Dead (The Rising #2),Brian Keene,Missing,3.89,5996
The Beast House (Paperback),Richard Laymon,Missing,3.80,4451
"All Out War Part 1 (The Walking Dead, #20)",Robert Kirkman,Missing,4.21,9332
Urban Gothic (Paperback),Brian Keene,Missing,3.74,3368
"The Umbrella Conspiracy (Resident Evil, #1)",S.D. Perry,Missing,3.92,7054
Hangsaman (Mass Market Paperback),Shirley Jackson,Missing,3.77,6364
Melmoth the Wanderer (Paperback),Charles Maturin,Missing,3.71,4769
"Killers of the Dawn (Cirque Du Freak, #9)",Darren Shan,Missing,4.22,24718
"Books of Blood, Volumes Four to Six (Books of Blood, #4-6)",Clive Barker,Missing,4.29,3983
The Sentinel (Mass Market Paperback),Jeffrey Konvitz,Missing,3.85,7203
"Deadspawn (Necroscope, #5)",Brian Lumley,Missing,4.14,4551
The Haunted Forest Tour (Kindle Edition),James A. Moore,Missing,3.83,3146
The Haunting of Gillespie House (Kindle Edition),Darcy Coates,Missing,3.67,6184
"The Road to Woodbury (The Walking Dead: Novels, #2)",Robert Kirkman,Missing,3.70,10443
Red Moon (Hardcover),Benjamin Percy,Missing,3.36,5797
The Vision (Paperback),Dean Koontz,Missing,3.84,15014
"Dead Man's Song (Pine Deep, #2)",Jonathan Maberry,Missing,4.09,3664
One Door Away from Heaven (Mass Market Paperback),Dean Koontz,Missing,3.99,21714
The Rust Maidens (Paperback),Gwendolyn Kiste,Missing,3.74,1497
"Deathless Divide (Dread Nation, #2)",Justina Ireland,Missing,4.17,9610
"Red Queen (The Chronicles of Alice, #2)",Christina Henry,Missing,3.83,11855
Lost Souls (Dean Koontz's Frankenstein #4),Dean Koontz,Missing,3.91,13152
Blue World (Mass Market Paperback),Robert McCammon,Missing,3.96,5192
"Long Lankin (Long Lankin, #1)",Lindsey Barraclough,Missing,3.73,3195
Juniper & Thorn (Hardcover),Ava Reid,Missing,3.77,3505
Leave the World Behind (Hardcover),Rumaan Alam,Missing,3.20,109188
"Bad Moon Rising (Pine Deep, #3)",Jonathan Maberry,Missing,4.17,4070
"The Hollow Boy (Lockwood & Co., #3)",Jonathan Stroud,Missing,4.38,16837
Where They Wait (Hardcover),Scott  Carson,Missing,3.61,2611
The Women in the Walls (Hardcover),Amy Lukavics,Missing,3.23,2558
Violin (Paperback),Anne Rice,Missing,3.32,18713
The Wine-Dark Sea (Paperback),Robert Aickman,Missing,4.10,1689
Missing,Missing,Missing,0,0
Missing,Missing,Missing,0,0
Crossroads (Paperback),Laurel Hightower,Missing,4.13,1561
"Dead as a Doornail (Sookie Stackhouse, #5)",Charlaine Harris,Missing,4.00,211508
The House (Mass Market Paperback),Bentley Little,Missing,3.69,3959
Crota (Mass Market Paperback),Owl Goingback,Missing,3.84,1015
"Every Heart a Doorway (Wayward Children, #1)",Seanan McGuire,Missing,3.82,94037
"My Life as a White Trash Zombie (White Trash Zombie, #1)",Diana Rowland,Missing,3.94,13009
The Stand: Captain Trips (Hardcover),Roberto Aguirre-Sacasa,Missing,4.46,67071
"Blackwater: The Complete Caskey Family Saga (Blackwater, #1-6)",Michael McDowell,Missing,4.40,3368
Survive the Night (Hardcover),Danielle Vega,Missing,3.22,5107
The Lurking Fear and Other Stories (Paperback),H.P. Lovecraft,Missing,4.09,3075
Secret Santa (Paperback),Andrew Shaffer,Missing,3.51,2502
Flight or Fright: 17 Turbulent Tales (Hardcover),Stephen King,Missing,3.49,5561
No Exit (Kindle Edition),Taylor  Adams,Missing,4.03,107795
Security (Hardcover),Gina Wohlsdorf,Missing,3.28,3448
Shadowfires (Paperback),Leigh Nichols,Missing,3.79,13029
"I Am Behind You (Platserna, #1)",John Ajvide Lindqvist,Missing,3.35,3858
Neonomicon (Paperback),Alan Moore,Missing,3.45,5913
Cows (Paperback),Matthew Stokoe,Missing,3.11,4599
The Haunting of Blackwood House (Paperback),Darcy Coates,Missing,3.87,7410
Diary (Paperback),Chuck Palahniuk,Missing,3.63,75489
The Man in the Picture (Hardcover),Susan         Hill,Missing,3.61,5046
"Definitely Dead (Sookie Stackhouse, #6)",Charlaine Harris,Missing,4.01,198141
Verity (Paperback),Colleen Hoover,Missing,4.41,1284729
"Dawn of the Dreadfuls (Pride and Prejudice and Zombies, #0.5)",Steve Hockensmith,Missing,3.49,22010
The Lovely Bones (Mass Market Paperback),Alice Sebold,Missing,3.84,2218214
The Face of Fear (Hardcover),Brian Coffey,Missing,3.86,16970
Don't Look Now and Other Stories (Kindle Edition),Daphne du Maurier,Missing,3.83,7336
Nocturnal (Hardcover),Scott Sigler,Missing,4.05,5626
The Shadow Out of Time (Paperback),H.P. Lovecraft,Missing,3.89,4237
Follow You Home (Paperback),Mark  Edwards,Missing,3.92,47726
Origin (Konrath/Kilborn Collective #2),J.A. Konrath,Missing,3.80,6079
The Husband (Hardcover),Dean Koontz,Missing,3.81,45962
The Chill (Hardcover),Scott  Carson,Missing,3.61,4792
Gone Girl (Paperback),Gillian Flynn,Missing,4.11,2754100
"The Fold (Threshold, #2)",Peter Clines,Missing,3.87,28708
"Damned (Damned, #1)",Chuck Palahniuk,Missing,3.39,51322
In the Shadow of Spindrift House (Hardcover),Mira Grant,Missing,3.67,1669
"The Dark and Hollow Places (The Forest of Hands and Teeth, #3)",Carrie Ryan,Missing,4.03,22349
To Be Devoured (Kindle Edition),Sara Tantlinger,Missing,3.92,1540
Moon of the Crusted Snow (Paperback),Waubgeshig Rice,Missing,3.88,15029
Little Darlings (Hardcover),Melanie Golding,Missing,3.64,11344
"My Sister, the Serial Killer (Hardcover)",Oyinkan Braithwaite,Missing,3.70,240229
"Breaking Dawn (The Twilight Saga, #4)",Stephenie Meyer,Missing,3.72,1548547
Marina (Paperback),Carlos Ruiz Zafón,Missing,4.10,62520
The Violence (Hardcover),Delilah S. Dawson,Missing,3.90,4080
The Girls Are Never Gone (Hardcover),Sarah Glenn Marsh,Missing,3.64,1591
Pan's Labyrinth: The Labyrinth of the Faun (Hardcover),Guillermo del Toro,Missing,4.27,14474
The Lake of Souls (Cirque du Freak #10),Darren Shan,Missing,4.18,22924
Sphere (Paperback),Michael Crichton,Missing,3.82,176261
My Work is Not Yet Done: Three Tales of Corporate Horror (Hardcover),Thomas Ligotti,Missing,3.88,2607
Missing,Missing,Missing,0,0
Missing,Missing,Missing,0,0
Intercepts (Kindle Edition),T.J. Payne,Missing,4.10,4934
"The Nightmare Room (The Messy Man, #1)",Chris   Sorensen,Missing,3.73,2189
"Hold Me Closer, Necromancer (Necromancer, #1)",Lish McBride,Missing,3.89,17347
The Most Dangerous Game (Paperback),Richard Connell,Missing,3.94,49061
"Piano Lessons Can Be Murder (Goosebumps, #13)",R.L. Stine,Missing,3.57,7965
The Devourers (Hardcover),Indra Das,Missing,3.76,3875
"The Bad Death of Eduard Delacroix (The Green Mile, #4)",Stephen King,Missing,4.54,16866
The Horror Stories of Robert E. Howard (Paperback),Robert E. Howard,Missing,4.13,2693
"Bec (The Demonata, #4)",Darren Shan,Missing,4.17,12960
Extasia (Hardcover),Claire Legrand,Missing,3.54,1466
No Longer Human (Hardcover),Junji Ito,Missing,4.25,7705
"All Out War Part 2 (The Walking Dead, #21)",Robert Kirkman,Missing,4.11,8042
"Dark Hollow (Levi Stoltzfus, #1)",Brian Keene,Missing,3.88,3518
From Below (Paperback),Darcy Coates,Missing,4.17,2671
The Atrocities (Kindle Edition),Jeremy C. Shipp,Missing,3.21,1432
"In a Dark, Dark Wood (Paperback)",Ruth Ware,Missing,3.72,295113
"Offspring (Dead River, #2)",Jack Ketchum,Missing,3.81,3356
"The Name of the Star (Shades of London, #1)",Maureen Johnson,Missing,3.88,51727
"City Infernal (City Infernal, #1)",Edward Lee,Missing,3.79,3161
"The Devil You Know (Felix Castor, #1)",Mike Carey,Missing,3.80,16178
"The Mouse on the Mile (The Green Mile, #2)",Stephen King,Missing,4.48,16343
Dead Inside (Paperback),Chandler Morrison,Missing,3.32,3863
The Corset (Hardcover),Laura  Purcell,Missing,4.16,10864
"Hunting Prince Dracula (Stalking Jack the Ripper, #2)",Kerri Maniscalco,Missing,4.24,54487
Moon (Paperback),James Herbert,Missing,3.64,3785
The White People and Other Weird Stories (Paperback),Arthur Machen,Missing,4.01,1892
Songs of a Dead Dreamer (Paperback),Thomas Ligotti,Missing,4.05,2087
"Between the Devil and the Deep Blue Sea (Between, #1)",April Genevieve Tucholke,Missing,3.56,14199
When Darkness Loves Us (Hardcover),Elizabeth Engstrom,Missing,4.04,1159
"Dead City (Dead World, #1)",Joe McKinney,Missing,3.77,6210
"Lord of the Shadows (Cirque Du Freak, #11)",Darren Shan,Missing,4.22,21767
The Hungry Moon (Mass Market Paperback),Ramsey Campbell,Missing,3.60,1759
The Keeper (Keeper #1),Sarah Langan,Missing,3.32,2214
Ancient Sorceries and Other Weird Stories (Paperback),Algernon Blackwood,Missing,4.11,2003
"A New Beginning (The Walking Dead, #22)",Robert Kirkman,Missing,4.25,8379
The Small Hand (Hardcover),Susan         Hill,Missing,3.46,6346
Sacrament (Paperback),Clive Barker,Missing,3.76,5075
To Break a Covenant (Hardcover),Alison Ames,Missing,3.70,872
The God Project (Paperback),John Saul,Missing,3.92,10978
The Secret of Ventriloquism (Hardcover),Jon Padgett,Missing,3.92,1695
"The Devil in the White City: Murder, Magic, and Madness at the Fair That Changed America (Hardcover)",Erik Larson,Missing,3.99,617141
Baal (Paperback),Robert McCammon,Missing,3.58,4736
Night in the Lonesome October (Paperback),Richard Laymon,Missing,3.87,3618
"The Creeping Shadow (Lockwood & Co., #4)",Jonathan Stroud,Missing,4.51,14182
"Ex-Heroes (Ex-Heroes, #1)",Peter Clines,Missing,3.85,15709
"Dexter in the Dark (Dexter, #3)",Jeff Lindsay,Missing,3.56,34659
"Narcissus in Chains (Anita Blake, Vampire Hunter, #10)",Laurell K. Hamilton,Missing,3.91,57874
"Preacher, Volume 1: Gone to Texas (Comics)",Garth Ennis,Missing,4.15,73215
The Gathering Dark: An Anthology of Folk Horror (Hardcover),Tori Bovalino,Missing,3.68,661
All These Bodies (Hardcover),Kendare Blake,Missing,3.30,5733
Missing,Missing,Missing,0,0
Missing,Missing,Missing,0,0
"This Savage Song (Monsters of Verity, #1)",Victoria Schwab,Missing,4.05,90124
The Beauty (Paperback),Aliya Whiteley,Missing,3.59,2420
"Night of the Living Dummy II (Goosebumps, #31)",R.L. Stine,Missing,3.72,7720
Zom-B (Hardcover),Darren Shan,Missing,3.58,7961
"Leviathan Wakes (The Expanse, #1)",James S.A. Corey,Missing,4.28,226061
"Coffey's Hands (The Green Mile, #3)",Stephen King,Missing,4.52,16837
Kraken (Hardcover),China Miéville,Missing,3.61,25156
Nathaniel (Paperback),John Saul,Missing,3.84,5742
"Still Life With Crows (Pendergast, #4)",Douglas Preston,Missing,4.20,35646
"Library of Souls (Miss Peregrine's Peculiar Children, #3)",Ransom Riggs,Missing,4.14,140054
"Mary: The Summoning (Bloody Mary, #1)",Hillary Monahan,Missing,3.73,2067
The Good Guy (Hardcover),Dean Koontz,Missing,3.85,35750
"東京喰種トーキョーグール 3 (Tokyo Ghoul, #3)",Sui Ishida,Missing,4.40,18436
Piercing (Paperback),Ryū Murakami,Missing,3.65,9310
Bad Man (Kindle Edition),Dathan Auerbach,Missing,3.37,3076
Confessions (Paperback),Kanae Minato,Missing,4.06,24807
"Saint Odd (Odd Thomas, #7)",Dean Koontz,Missing,4.18,20341
Snow (Paperback),Ronald Malfi,Missing,3.69,2211
"Blood Beast (The Demonata, #5)",Darren Shan,Missing,4.13,11222
"The New Girl (Fear Street, #1)",R.L. Stine,Missing,3.62,7390
The Worm and His Kings (The Worm and His Kings #1),Hailey Piper,Missing,3.96,974
Sons of Destiny (Cirque du Freak #12),Darren Shan,Missing,4.21,20944
The Resort (Mass Market Paperback),Bentley Little,Missing,3.67,3226
"Loop (Ring, #3)",Kōji Suzuki,Missing,3.56,3370
Ghost Summer (Paperback),Tananarive Due,Missing,4.22,1459
The Tenth Girl (Hardcover),Sara Faring,Missing,2.87,2372
"Catacomb (Asylum, #3)",Madeleine Roux,Missing,3.81,10803
Dagon and Other Macabre Tales (Hardcover),H.P. Lovecraft,Missing,4.20,5158
Death Troopers (Star Wars),Joe Schreiber,Missing,3.67,9703
The Monkey's Paw (Oxford Bookworms),Diane Mowat,Missing,3.88,21525
"Gyo, Vol. 1 (Paperback)",Junji Ito,Missing,3.86,4562
The Thing on the Doorstep (Kindle Edition),H.P. Lovecraft,Missing,4.07,3604
The Murders in the Rue Morgue - a C. Auguste Dupin Short Story (C. Auguste Dupin #1),Edgar Allan Poe,Missing,3.84,32208
The Abominable (Hardcover),Dan Simmons,Missing,3.60,6919
"The Walking Dead, Book Three (Hardcover)",Robert Kirkman,Missing,4.41,13695
"Seeds of Yesterday (Dollanganger, #4)",V.C. Andrews,Missing,3.83,38201
The Last Time I Lied (Kindle Edition),Riley Sager,Missing,4.05,114560
Lost Gods (ebook),Brom,Missing,4.21,4678
Floating Staircase (Paperback),Ronald Malfi,Missing,3.75,2896
Others (Paperback),James Herbert,Missing,3.85,4271
The Manitou (Manitou #1),Graham Masterton,Missing,3.72,3954
Black Creek Crossing (Paperback),John Saul,Missing,3.86,5223
"Nightbooks (Nightbooks, #1)",J.A. White,Missing,4.01,7620
"Fables & Reflections (The Sandman, #6)",Neil Gaiman,Missing,4.43,54397
Lunar Park (Paperback),Bret Easton Ellis,Missing,3.63,27164
Sepulchre (Paperback),James Herbert,Missing,3.67,3440
"The Haunting of Sunshine Girl (The Haunting of Sunshine Girl, #1)",Paige McKenzie,Missing,3.89,11012
Southern Gods (Paperback),John Hornor Jacobs,Missing,3.71,1825
"The Lost World (Jurassic Park, #2)",Michael Crichton,Missing,3.82,140332
Funland (Mass Market Paperback),Richard Laymon,Missing,3.79,4093
Missing,Missing,Missing,0,0
Missing,Missing,Missing,0,0
