,Title,Author,Rating,Raters,Genres
0,Besos entre líneas,May R. Ayamonte,2.15,2183,"Young Adult,Romance,Contemporary,Romance"
1,Birth Control Is Sinful in the Christian Marriages and Also Robbing God of Priesthood Children!!,Eliyzabeth Yanne Strong-Anderson,1.86,273,"Religion,Nonfiction"
2,A Parent's Guide to Preventing Homosexuality,Joseph Nicolosi,1.74,708,"Parenting,Psychology,Horror,Sexuality,Nonfiction,Unfinished,Reference"
3,Coming Out Straight: Understanding and Healing Homosexuality,Richard Cohen,1.86,564,"Psychology,Fiction,Social Issues"
4,Dianetics: The Modern Science of Mental Health,L. Ron Hubbard,2.42,3205,"Religion,Nonfiction,Philosophy,Psychology,Self Help,Science,Religion,Spirituality,Audiobook,Reference"
5,Scientology: The Fundamentals of Thought,L. Ron Hubbard,2.54,939,"Religion,Philosophy,Nonfiction,Spirituality,Psychology,Religion,Religion,Self Help,Horror,Science"
6,"Handbook for Mortals (Handbook for Mortals, #1)",Lani Sarem,1.29,916,"Fantasy,Young Adult,Romance,Fiction,Fantasy,New Adult,Unfinished,Fantasy,Mystery,Contemporary"
7,Authors vs. Goodreads,Zoe Desh,1.53,289,"Nonfiction,Humor"
8,Confessions of an Heiress: A Tongue-In-Chic Peek Behind the Pose,Paris Hilton,2.99,1699,"Nonfiction,Autobiography,Biography,Biography,Womens Fiction,Biography Memoir,Couture,Media Tie In"
9,Melanie's Marvelous Measles,Stephanie Messenger,1.33,179,
10,Women Who Work: Rewriting the Rules for Success,Ivanka Trump,2.88,967,"Nonfiction,Business,Self Help,Biography,Autobiography,Feminism,Biography,Gender,Leadership,Biography Memoir"
11,Behind the Bell,Dustin Diamond,2.34,723,"Nonfiction,Biography,Autobiography,Biography,Adult,Culture,Biography Memoir,Media Tie In,History"
12,"Revealing Eden (Save the Pearls, #1)",Victoria Foyt,2.04,942,"Young Adult,Science Fiction,Science Fiction,Fantasy,Romance,Fiction,Apocalyptic,Young Adult,Science Fiction,Adventure"
13,Trigger Warning,William W. Johnstone,1.93,533,"Fiction,Thriller"
14,Reaper's Creek,Onision,1.12,307,"Fiction,Young Adult,Fantasy"
15,The Bible Code,Michael Drosnin,2.86,2005,"Nonfiction,Religion,Christian,History,Spirituality,Philosophy,Religion,Pseudoscience,Fantasy,Occult"
16,Star,Pamela Anderson,2.87,1274,"Fiction,Womens Fiction,Romance,Adult,Sexuality,Culture,Literature"
17,Pride and Promiscuity: The Lost Sex Scenes of Jane Austen,Arielle Eckstut,2.68,460,"Fiction,Humor,Romance,Historical,Adult Fiction,Short Stories,Historical,Retellings,Womens Fiction,Sexuality"
18,Uninvited,Amanda Marrone,2.94,4247,"Paranormal,Young Adult,Fantasy,Fantasy,Romance,Fantasy,Young Adult,Horror,Fiction,Romance"
19,"The Weight Loss Cure """"They"""" Don't Want You to Know About",Kevin Trudeau,2.94,346,"Health,Self Help,Nonfiction"
20,"Maradonia and the Seven Bridges (Maradonia Series, #1)",Gloria Tesch,1.9,112,"Fantasy,Childrens,Young Adult,Fiction,Adventure"
21,Pygmy,Chuck Palahniuk,2.97,28069,"Fiction,Contemporary,Humor,Novels,Literature,Literature,Suspense,Unfinished,Adult Fiction,Humor"
22,The Mask of Gold,Alan A. McLean,1.99,1316,"Novels,Academic,Mystery,Literature,Fiction,Adventure,Short Stories,Academic"
23,"Barry Trotter and the Unauthorized Parody (Barry Trotter, #1)",Michael Gerber,2.82,2388,"Fantasy,Humor,Fiction,Humor,Young Adult,Fantasy,Novels,Childrens,European Literature,Anthologies"
24,Leaving Isn't the Hardest Thing,Lauren  Hough,3.27,8693,"Autobiography,Nonfiction,Writing,LGBT,LGBT,Audiobook,Religion,Biography,Feminism,Religion"
25,The Kid,Sapphire,2.69,2434,"Fiction,Contemporary,Novels,Adult,Adult Fiction,Cultural,Audiobook,Young Adult,Literature,Dark"
26,Wild Animus,Rich Shapero,1.91,845,"Fiction,Fantasy,Novels,Adult Fiction,Nature,Audiobook"
27,The Eye of Argon,Jim Theis,2.68,574,"Fantasy,Fiction,Humor,Classics,Science Fiction,Short Stories,Heroic Fantasy,Pulp,Horror,Humor"
28,Stones To Abbigale,Onision,1.93,685,"Fiction,Contemporary,Young Adult,Drama,Romance"
29,Empress Theresa,Norman Boutin,1.48,196,"Fiction,Science Fiction,Fantasy"
30,Kissing the Coronavirus (Kissing the Coronavirus #1),M.J.    Edwards,2.35,2983,"Romance,Adult Fiction,Short Stories,Adult,Fiction,Humor,Science Fiction,Fantasy,Humor,Contemporary"
31,Actors Anonymous,James Franco,2.58,1962,"Fiction,Short Stories,Contemporary,Adult,Literature,Audiobook,Humor,Unfinished,Novels,American"
32,The Almost Moon,Alice Sebold,2.7,36981,"Fiction,Contemporary,Adult Fiction,Drama,Adult,Novels,Audiobook,Family,Unfinished,Literary Fiction"
33,"Revenge Wears Prada: The Devil Returns (The Devil Wears Prada, #2)",Lauren Weisberger,2.97,35702,"Womens Fiction,Fiction,Romance,Contemporary,Audiobook,Adult,Couture,Adult Fiction,Novels,Humor"
34,Four Blondes,Candace Bushnell,2.84,25383,"Womens Fiction,Fiction,Romance,Contemporary,Adult Fiction,New York,Short Stories,Humor,Novels,Adult"
35,To Train Up a Child,Michael Pearl,2.87,1796,"Parenting,Christian,Nonfiction,Family,Self Help,Religion,Christian,Childrens,Spirituality,Psychology"
36,Adam,Ariel Schrag,2.68,2587,"Fiction,LGBT,Young Adult,LGBT,Contemporary,LGBT,Romance,Young Adult,New York,Adult Fiction"
37,Holy Terror,Frank Miller,1.98,994,"Sequential Art,Sequential Art,Comics,Fiction,Comics,War,Graphic Novels Comics,Politics,Dc Comics,Mystery"
38,This Is Why I Hate You,Onision,1.84,484,"Fiction,Drama,Contemporary"
39,Return to the Secret Garden,Susan Moody,2.7,251,"Fiction,Historical,Historical"
40,Pemberley: Or Pride and Prejudice Continued,Emma Tennant,2.49,1399,"Fiction,Historical,Romance,Historical,Classics,European Literature,Historical,Adult Fiction,Womens Fiction,Contemporary"
41,"After Dead: What Came Next in the World of Sookie Stackhouse (Sookie Stackhouse, #13.5)",Charlaine Harris,3.01,15649,"Fantasy,Fantasy,Paranormal,Fantasy,Fiction,Fantasy,Romance,Romance,Mystery,Short Stories"
42,"I Want to Tell You: My Response to Your Letters, Your Messages, Your Questions",O.J. Simpson,2.3,251,"Nonfiction,Crime,Biography,Autobiography,Biography"
43,"Quinn (Undaunted Men, #1)",J.C. Cliff,2.8,734,"Romance,War,Suspense,Romance,Contemporary,Romance,New Adult,Romance,Adult Fiction,Adult"
44,Pamela,Samuel Richardson,2.78,11733,"Classics,Fiction,Literature,Romance,Literature,European Literature,Novels,Academic,Literature,Historical"
45,Confessions of a Sociopathic Social Climber: The Katya Livingston Chronicles,Adèle Lang,2.74,788,"Womens Fiction,Fiction,Humor,Adult,European Literature,Adult Fiction"
46,"Suicide Ride: The Platinum Man (Suicide Ride, #1)",E. Llewellyn,2.81,227,"Romance,Business,Contemporary"
47,The Clansman,Thomas Dixon Jr.,2.63,297,"Fiction,Historical,Classics,Military History,Race,Literature,Novels,War,Media Tie In,Adult Fiction"
48,The Chemistry of Tears,Peter Carey,2.96,3994,"Fiction,Historical,Literary Fiction,Contemporary,Cultural,Novels,Audiobook,Historical,European Literature,Literature"
49,"The Kingdoms and the Elves of the Reaches (Keeper Martin's Tales, #1)",Robert Stanek,2.74,336,"Fantasy,Fiction,Young Adult,Fantasy,Fantasy"
50,Michelle Remembers,Michelle Smith,2.65,625,"Nonfiction,Horror,Crime,Biography,Autobiography,Psychology,Religion,Health,Cultural,Occult"
51,Malled: My Unintentional Career in Retail,Caitlin Kelly,2.63,663,"Nonfiction,Autobiography,Business,Biography Memoir,Biography,Adult,Humor,Social Science,Cultural,Unfinished"
52,Her,Harriet Lane,2.82,10088,"Fiction,Thriller,Mystery,Suspense,Contemporary,Thriller,Thriller,Adult,Adult Fiction,Novels"
53,Seduction of the Innocent: The Influence of Comic Books on Today's Youth,Fredric Wertham,2.54,146,"Nonfiction,Sequential Art,Psychology,Sociology,History,Criticism,Culture,Culture,Cultural,Sequential Art"
54,Batman: Fortunate Son,Gerard Jones,2.06,227,"Sequential Art,Dc Comics,Sequential Art,Superheroes,Graphic Novels Comics,Comics,Fiction,Comics"
55,American Nerd: The Story of My People,Benjamin Nugent,2.96,1445,"Nonfiction,Autobiography,Sociology,Culture,Biography,Cultural,History,Humor,Psychology,Writing"
56,The Widows of Eastwick (Eastwick #2),John Updike,2.96,2109,"Fiction,Fantasy,Literary Fiction,Paranormal,Literature,Novels,Contemporary,Classics,Audiobook,Fantasy"
57,Pride and Prejudice and Mistletoe,Melissa de la Cruz,2.63,6073,"Romance,Holiday,Fiction,Contemporary,Holiday,Retellings,Womens Fiction,Adult,Romance,Adult Fiction"
58,Irene Iddesleigh,Amanda McKittrick Ros,2.05,188,"Fiction,Classics,Humor,Historical,Romance"
59,iDrakula,Bekka Black,2.94,868,"Young Adult,Paranormal,Fantasy,Horror,Fantasy,Young Adult,Romance,Classics,Fiction,Fantasy"
60,"Pride/Prejudice: A Novel of Mr. Darcy, Elizabeth Bennet, and Their Forbidden Lovers",Ann Herendeen,2.56,202,"Fiction,Romance,Adult Fiction,Historical,Historical,Adult Fiction,LGBT,Retellings,LGBT,Romance"
61,"Murder on the Eiffel Tower (Victor Legris, #1)",Claude Izner,2.93,1805,"Mystery,Historical,Cultural,Mystery,Fiction,Mystery,Historical,Thriller,Thriller,Mystery"
62,Him Her Him Again the End of Him,Patricia Marx,2.84,1883,"Fiction,Humor,Womens Fiction,Adult Fiction,Relationships,Audiobook,Humor,Contemporary,Novels,Romance"
63,The Resurrectionist,James  Bradley,2.79,1751,"Historical,Fiction,Historical,Horror,Gothic,Mystery,Thriller,Cultural,Mystery,Literature"
64,Wentworth Hall,Abby Grahame,2.88,1364,"Historical,Young Adult,Historical,Romance,Fiction,European Literature,Mystery,Young Adult,Family,Womens Fiction"
65,Passenger to Frankfurt,Agatha Christie,2.88,11501,"Mystery,Fiction,Mystery,Classics,Thriller,Mystery,Thriller,European Literature,Suspense,Novels"
66,Feuchtgebiete,Charlotte Roche,2.84,9922,"Fiction,Contemporary,European Literature,Feminism,Cultural,Roman,Adult Fiction,Novels,Sexuality,Adult"
67,Confessions of a Counterfeit Farm Girl: A Memoir,Susan McCorkindale,2.78,1256,"Nonfiction,Autobiography,Humor,Womens Fiction,Biography,Biography,Biography Memoir,Family,Unfinished,Animals"
68,The Spiders,D'Arcy Adrian-Vallance,2.08,1160,"Novels,Academic,Short Stories,Literature,Fiction,Science Fiction,Academic,Mystery,Adventure"
69,Adèle,Emma Tennant,2.27,254,"Historical,Fiction,Retellings,Historical,European Literature,Historical,Classics,Own"
70,Knots,Nuruddin Farah,3.0,271,"Cultural,Fiction,Eastern Africa,Contemporary,Novels,Literature,Feminism,Cultural,Literature"
71,Neil Gaiman's Lady Justice: Vol. 1,C.J. Henderson,2.65,330,"Sequential Art,Sequential Art,Fiction,Fantasy,Graphic Novels Comics,Comics,Comics,Fantasy,Graphic Novels Manga,Adult"
72,Lair of the White Worm,Bram Stoker,2.8,3827,"Horror,Classics,Fiction,Gothic,Fantasy,Novels,Literature,Mystery,Literature,Fantasy"
73,List of the Lost,Morrissey,2.31,886,"Fiction,Music,Literature,Literary Fiction,European Literature,Contemporary,Novels,Philosophy,Modern,The United States Of America"
74,The World Rose,Richard Brittain,1.72,360,
75,برهان العسل,سلوى النعيمي,2.64,2377,"Fiction,Adult Fiction,Novels,Literature,Sexuality,Feminism,Romance,Literature,Adult,Cultural"
76,My Empire of Dirt: How One Man Turned His Big-City Backyard Into a Farm,Manny Howard,2.79,419,"Nonfiction,Horticulture,Autobiography,Food and Drink,Biography,Biography,Science"
77,Look Both Ways,Alison Cherry,2.91,858,"LGBT,Young Adult,Contemporary,Romance,LGBT,Realistic Fiction,Fiction,LGBT,LGBT,Young Adult"
78,Wish Club: A Novel,Kim Strickland,2.9,252,"Womens Fiction,Fiction,Fantasy,Book Club,Fantasy"
79,You Don't Love Me Yet,Jonathan Lethem,2.83,4454,"Fiction,Music,Novels,Contemporary,Literature,Romance,Literary Fiction,Literature,The United States Of America,Audiobook"
80,Deer in the Headlights: My Life in Sarah Palin's Crosshairs,Levi Johnston,2.82,168,"Nonfiction,Autobiography,Biography,Biography,Biography Memoir"
81,The Sunshine When She's Gone,Thea Goodman,2.8,890,"Fiction,Contemporary,Adult Fiction,Adult,Book Club,Womens Fiction,Family"
82,Son of Rosemary,Ira Levin,2.54,3941,"Horror,Fiction,Mystery,Thriller,Fantasy,Fantasy,Fantasy,Classics,Suspense,Adult"
83,The Twins of Tribeca,Rachel Pine,2.89,559,"Womens Fiction,Fiction,Adult Fiction,Literature"
84,The Thomas Berryman Number,James Patterson,2.83,5630,"Mystery,Fiction,Thriller,Mystery,Suspense,Thriller,Audiobook,Action,Adult,Adult Fiction"
85,The Emperor's Children,Claire Messud,2.97,20495,"Fiction,Contemporary,Novels,Literary Fiction,New York,Book Club,Literature,Literature,Adult Fiction,Unfinished"
86,Quattrocento,Susana Fortes,2.78,681,"Historical,Historical,Fiction,Thriller,Cultural,Mystery,Art,Romance,Mystery,Romance"
87,Boys of Blood & Bone,David Metzenthen,2.63,319,"War,Historical,Academic,Young Adult"
88,The Way I See It: A Look Back at My Life on Little House,Melissa Sue Anderson,2.77,1590,"Biography,Autobiography,Nonfiction,Biography,Biography Memoir,Adult,Media Tie In,Unfinished,Audiobook"
89,The Different Girl,Gordon Dahlquist,2.89,1597,"Young Adult,Science Fiction,Science Fiction,Young Adult,Fantasy,Fiction,Mystery,Science Fiction,Futuristic,Adventure"
90,The White Man's Burden,Rudyard Kipling,2.14,189,"Poetry,Classics,Academic,Historical,History,Nonfiction,Historical,Adult,Race,Academic"
91,A Wonderful Stroke of Luck,Ann Beattie,2.45,429,"Fiction,School Stories,Unfinished,Novels"
92,The Silence,Don DeLillo,2.68,10599,"Fiction,Science Fiction,Science Fiction,Contemporary,Novella,Audiobook,Literary Fiction,Novels,Literature,Literature"
93,Rainbow Party,Paul Ruditis,2.61,405,"Young Adult,Young Adult,Fiction,Sexuality,Realistic Fiction,Childrens,Literature,Romance,Womens Fiction"
94,Sweet Valley Confidential: Ten Years Later,Francine Pascal,2.5,7252,"Womens Fiction,Young Adult,Fiction,Adult Fiction,Contemporary,Audiobook,Romance,Novels,Unfinished,Young Adult"
95,Nothing,Annie Barrows,2.92,798,"Young Adult,Contemporary,Fiction,Realistic Fiction,Audiobook,Young Adult,Young Adult,Humor,Young Adult,Romance"
96,One Night at the Call Center,Chetan Bhagat,2.52,58043,"Fiction,Asian Literature,Cultural,Romance,Contemporary,Novels,Drama,Young Adult,Humor,Fantasy"
97,"Here's the Situation: A Guide to Creeping on Chicks, Avoiding Grenades, and Getting in Your GTL on the Jersey Shore","Mike ""The Situation"" Sorrentino",2.52,108,"Nonfiction,Humor"
98,The Naked Truth: The Real Story Behind the Real Housewife of New Jersey--In Her Own Words,Danielle Staub,2.4,280,"Biography,Autobiography,Nonfiction,Biography Memoir,Biography"
99,"I Want to Be Organized: How to De-Clutter, Manage Your Time and Get Things Done",Harriet Griffey,2.78,176,"Nonfiction,Self Help,Productivity"
100,Kind of a Big Deal,Shannon Hale,2.83,3331,"Young Adult,Fantasy,Contemporary,Fiction,Romance,Magical Realism,Young Adult,Audiobook,Young Adult,Young Adult"
101,An Arsonist's Guide to Writers' Homes in New England,Brock Clarke,2.96,6264,"Fiction,Mystery,Humor,Novels,Writing,Contemporary,Unfinished,Literature,Literary Fiction,Adult Fiction"
102,The Dressmaker,Elizabeth Oberbeck,2.9,883,"Fiction,Romance,Historical,Womens Fiction,Couture,Cultural,Adult,Adult Fiction,Book Club"
103,There Is No Dog,Meg Rosoff,2.94,2915,"Young Adult,Fantasy,Fiction,Humor,Religion,Young Adult,Romance,Contemporary,Magical Realism,Fantasy"
104,The Second Wave (Kissing the Coronavirus #2),M.J.    Edwards,2.17,841,"Adult Fiction,Romance,Adult,Science Fiction,Novella,Fiction,Humor,Humor,Short Stories,Contemporary"
105,"Cleaving: A Story of Marriage, Meat, and Obsession",Julie Powell,2.46,4458,"Autobiography,Nonfiction,Food and Drink,Biography,Food and Drink,Food and Drink,Adult,Food and Drink,Audiobook,Marriage"
106,Healing Homosexuality: Case Stories of Reparative Therapy,Joseph Nicolosi,2.42,139,Psychology
107,NOT A BOOK,William Luther,2.95,1448,
108,Panic in a Suitcase,Yelena Akhtiorskaya,2.78,1104,"Fiction,Historical,Cultural,Literary Fiction,Contemporary,New York,Family,Cultural,Novels,Adult Fiction"
109,Superman: True Brit,Kim Howard Johnson,2.79,513,"Sequential Art,Sequential Art,Dc Comics,Superheroes,Humor,Comics,Comics,Fiction,Graphic Novels Comics,Science Fiction"
110,Impossible Views of the World,Lucy Ives,2.63,859,"Fiction,Mystery,Contemporary,Literary Fiction,Art,Adult Fiction,Adult,Audiobook,New York,Novels"
111,The Revolution of Jack Frost,K.M. Robinson,2.73,120,"Young Adult,Science Fiction,Science Fiction,Fiction,Fantasy,Retellings,Young Adult"
112,"The Betrothed (The Betrothed, #1)",Kiera Cass,3.02,34294,"Romance,Young Adult,Fantasy,Fiction,Audiobook,Historical,Young Adult,Historical,Science Fiction,Young Adult"
113,After the Race,James Joyce,2.91,217,"Short Stories,Classics,Fiction,European Literature,Literature,Cultural,Literature,Cultural"
114,Pumpkin Farmer,Michael  Hughes,2.52,573,"Thriller,Fiction,Thriller"
115,Three Quarters Dead,Richard Peck,2.84,822,"Young Adult,Fantasy,Fantasy,Horror,Fantasy,Young Adult,Fiction,Young Adult,Paranormal,Mystery"
116,Fat Vampire: A Never Coming of Age Story,Adam Rex,2.85,2916,"Young Adult,Paranormal,Fantasy,Humor,Fantasy,Fiction,Young Adult,Fantasy,Horror,Fantasy"
117,Alentejo Blue,Monica Ali,2.74,1172,"Fiction,Cultural,Short Stories,Contemporary,Literary Fiction,Novels,Adolescence,Female Authors,Cultural,Travel"
118,Bodies,Si Spencer,2.86,623,"Sequential Art,Sequential Art,Mystery,Horror,Fiction,Historical,Graphic Novels Comics,Fantasy,Science Fiction,Comics"
119,Ronit & Jamil,Pamela L. Laskin,2.84,1524,"Poetry,Young Adult,Romance,Contemporary,Retellings,Fiction,Young Adult,Realistic Fiction,Audiobook,Cultural"
120,The Fig Eater,Jody Shields,2.94,3116,"Fiction,Historical,Mystery,Historical,Mystery,Book Club,Thriller,Literary Fiction,Thriller,Womens"
121,Doctor Who: The Bog Warrior,Cecelia Ahern,2.87,140,"Media Tie In,Science Fiction,Fantasy,Romance,Short Stories"
122,How Did It Begin?: The Origin of Our Curious Customs and Superstitions,Rudolph Brasch,2.93,286,"History,Nonfiction,Reference,Folklore,Science,Religion,Cultural"
123,A Christmas Tree,Charles Dickens,2.93,608,"Holiday,Classics,Short Stories,Fiction,Historical,Audiobook,Classics,European Literature,Literature,Holiday"
124,Killing Time,Caleb Carr,2.8,3421,"Fiction,Science Fiction,Mystery,Thriller,Fantasy,Science Fiction Fantasy,Science Fiction,Historical,Science Fiction,Adventure"
125,Ghosts Know,Ramsey Campbell,2.8,256,"Horror,Mystery,Fiction,Thriller"
126,Gnostic Mystery,Randy Davila,2.92,336,"Fiction,Mystery,Religion,Spirituality,Philosophy,Historical,Christian Fiction,Historical,Novels,Adult Fiction"
127,Beautiful Children,Charles Bock,2.9,1960,"Fiction,Novels,Adult Fiction,Contemporary,Literary Fiction,Adult,Unfinished,Dark,Family,Book Club"
128,Academy X,Andrew S. Trees,2.69,298,"Fiction,Young Adult,Adult,Young Adult,Novels,Academic,Young Adult,New York"
129,"Green Arrow, Volume 2: Triple Threat",Ann Nocenti,2.7,956,"Sequential Art,Sequential Art,Superheroes,Comics,Graphic Novels Comics,Comics,Fiction,Science Fiction"
130,Socialite Evenings,Shobhaa Dé,2.6,334,"Fiction,Womens Fiction,Cultural,Asian Literature"
131,The Worst Noel: Hellish Holiday Tales,Cynthia Kaplan,2.7,334,"Holiday,Humor,Short Stories,Fiction,Anthologies,Holiday,Writing"
132,The Ultimates 3: Who Killed the Scarlet Witch?,Jeph Loeb,2.41,958,"Sequential Art,Sequential Art,Superheroes,Comics,Comics,Fiction,Graphic Novels Comics,Science Fiction,Comics Manga,Fantasy"
133,لا سكاكين في مطابخ هذه المدينة,خالد خليفة,2.96,3034,"Fiction,Novels,Historical,Literary Fiction,Literature,Contemporary,War,Cultural,Historical,Politics"
134,"Baldur's Gate (Forgotten Realms: Baldur's Gate, #1)",Philip Athans,2.72,1088,"Dungeons and Dragons,Fantasy,Fiction,Role Playing Games,Adventure,Games,Sports and Games,Science Fiction Fantasy,Fantasy,Literature"
135,"Psycho House (Psycho, #3)",Robert Bloch,2.75,931,"Horror,Mystery,Fiction,Thriller,Audiobook,Suspense,Novels,Mystery,The United States Of America,Holiday"
136,The Girl In The Coffee Shop,Caedem Marquez,2.43,221,"Romance,Short Stories,Fiction,Womens Fiction"
137,Yellow Dog,Martin Amis,2.79,1918,"Fiction,Literature,Novels,Contemporary,European Literature,Literary Fiction,Literature,Humor,Modern,Unfinished"
138,De historie van Mejuffrouw Sara Burgerhart,Betje Wolff,3.01,606,"Classics,Academic,Fiction,Literature,European Literature,Historical,Academic,Literature,Novels,Historical"
139,"Voodoo, Vol. 2: The Killer in Me",Joshua Williamson,2.84,166,"Sequential Art,Sequential Art,Superheroes,Comics,Comics,Science Fiction,Graphic Novels Comics"
140,Enclave,Kit Reed,2.75,208,"Fiction,Science Fiction,Young Adult,Science Fiction,Fantasy,Gothic,Science Fiction Fantasy"
141,"The Grave Gourmet (Capucine Culinary Mystery, #1)",Alexander Campion,2.85,891,"Mystery,Fiction,Mystery,Food and Drink,Food and Drink,Thriller,Cultural,Cultural,Mystery,Contemporary"
142,Skull Flowers,Jazon Dion Fletcher,2.62,144,"Fantasy,Young Adult,Science Fiction,Gothic,Science Fiction,Science Fiction,Speculative Fiction,Fantasy,Plays,Science Fiction"
143,Celebutantes,Amanda Goldberg,2.95,1825,"Womens Fiction,Fiction,Young Adult,Adult,Adult Fiction,Contemporary,Unfinished,Couture,Novels,Humor"
144,"The Girl of Hawthorn and Glass (The Girl of Hawthorn and Glass, #1)",Adan Jerreat-Poole,2.91,668,"Fantasy,Young Adult,LGBT,Paranormal,Fiction,Romance,Fantasy,LGBT,Contemporary,Fantasy"
145,"The Life and Opinions of Maf the Dog, and of His Friend Marilyn Monroe",Andrew O'Hagan,2.73,732,"Fiction,Historical,Animals,Animals,Historical,Humor,Culture,Literary Fiction,Literature,Novels"
146,The Dewey Decimal System of Love,Josephine Carr,2.74,576,"Romance,Fiction,Womens Fiction,Adult Fiction,Adult,Mystery,Contemporary,Romance,Humor,Writing"
147,"Green Arrow, Volume 1: The Midas Touch",Dan Jurgens,2.95,1991,"Sequential Art,Sequential Art,Superheroes,Comics,Comics,Graphic Novels Comics,Fiction,Fantasy,Science Fiction,Thriller"
148,Paravion,Hafid Bouazza,3.04,672,"Fiction,European Literature,Literature,Roman,Literary Fiction,Novels,Literature"
149,"Men of War, Vol. 1: Uneasy Company",Ivan Brandon,2.94,272,"Sequential Art,Sequential Art,Superheroes,Graphic Novels Comics,Fiction,War,Comics"
150,A Dark Matter,Peter Straub,2.97,4403,"Horror,Fiction,Mystery,Thriller,Fantasy,Fantasy,Suspense,Fantasy,Audiobook,Occult"
151,The Marvelous Misadventures of Ingrid Winter (Ingrid Winter Misadventure #1),Janne S. Drangsholt,2.97,6337,"Fiction,Humor,Contemporary,Womens Fiction,Novels,Family,Audiobook,Mystery,Humor,Literary Fiction"
152,Tiger Babies Strike Back: How I Was Raised by a Tiger Mom but Could Not Be Turned to the Dark Side,Kim Wong Keltner,2.96,260,"Nonfiction,Autobiography,Parenting,Cultural,Unfinished,Humor,Biography,Literature,Cultural,Literature"
153,"Nothing Bad Is Going to Happen (No One Else Can Have You, #2)",Kathleen  Hale,2.89,756,"Mystery,Young Adult,Fiction,Contemporary,Realistic Fiction,Romance,Thriller,Thriller,Mystery,Humor"
154,The Daylight Marriage,Heidi Pitlor,2.96,3910,"Fiction,Mystery,Thriller,Thriller,Suspense,Literary Fiction,Contemporary,Adult,Adult Fiction,Drama"
155,I Take You,Eliza Kennedy,2.97,5810,"Fiction,Womens Fiction,Romance,Humor,Contemporary,Adult,Audiobook,Adult Fiction,Marriage,Humor"
156,A Desirable Residence,Madeleine Wickham,2.96,6441,"Womens Fiction,Fiction,Romance,Contemporary,Audiobook,Adult,European Literature,Womens Fiction,Adult Fiction,Family"
157,"Three Bedrooms, Two Baths, One Very Dead Corpse",David  James,2.94,231,"Mystery,Mystery,Fiction"
158,The Crimson Shamrock,Michael  Hughes,2.96,114,
159,The Cult of the Amateur: How Today's Internet Is Killing Our Culture,Andrew Keen,2.82,1123,"Nonfiction,Science,Computers,Sociology,Cultural,Business,Psychology,Culture,Internet,Economics"
160,My Boyfriend's Back,Chrissy Olinger,2.94,672,"Romance,Fantasy,Fantasy,Fiction,Womens Fiction,Novella,Contemporary,Short Stories,Paranormal,Romance"
161,The Red House,Mark Haddon,2.96,15529,"Fiction,Contemporary,Family,Literary Fiction,European Literature,Unfinished,Novels,Audiobook,Adult Fiction,Adult"
162,Vissen redden,Annelies Verbeke,2.93,437,"Fiction,Roman,European Literature"
163,Lake People,Abi Maxwell,2.92,367,"Fiction,Adult Fiction,Contemporary,Literary Fiction"
164,"Heather, the Totality",Matthew Weiner,2.92,6412,"Fiction,Contemporary,Audiobook,Adult,Adult Fiction,Thriller,Literary Fiction,Novels,Novella,New York"
165,Bumble-Ardy,Maurice Sendak,2.95,935,"Childrens,Childrens,Animals,Fiction,Poetry,Humor,Childrens,Fantasy,Family,Young Adult"
166,The Pleasures of Men,Kate Williams,2.79,1622,"Historical,Mystery,Historical,Fiction,Gothic,Horror,Historical,Mystery,Thriller,Suspense"
167,بريد الليل,Hoda Barakat,3.03,2621,"Fiction,Cultural,Novels,Audiobook,War,Adult,Literary Fiction,Short Stories,Contemporary,Literature"
168,The Glades,Clifton Campbell,2.93,284,"Mystery,Fiction,Thriller,Short Stories,Thriller,Mystery"
169,Serenade,Leon de Winter,2.92,319,"Literature,Fiction,European Literature,Roman,Music"
170,Checkpoint,Nicholson Baker,2.89,886,"Fiction,Novels,Politics,Literary Fiction,Contemporary,Literature,Adult Fiction,The United States Of America"
171,The Better to Hold You (Abra Barrow #1),Alisa Sheckley,2.92,414,"Fantasy,Fantasy,Romance,Romance,Fantasy,Shapeshifters,Fiction,Paranormal,Adult,Fantasy"
172,The Orphanage of Gods,Helena Coggan,2.92,324,"Fantasy,Young Adult,LGBT,Young Adult,Romance,Fiction,Fantasy,Mystery,LGBT,LGBT"
173,Crazy,Benjamin Lebert,2.92,2202,"Young Adult,Fiction,European Literature,Contemporary,Academic,Novels,Young Adult,Cultural,Roman,Drama"
174,The Transition of Juan Romero,H.P. Lovecraft,2.98,1017,"Horror,Horror,Short Stories,Fiction,Fantasy,Fantasy,Literature,Classics,Lovecraftian,Novels"
175,The Woman Who Went to Bed for a Year,Sue Townsend,2.95,13526,"Fiction,Humor,Contemporary,Humor,Womens Fiction,European Literature,Novels,Audiobook,Family,Relationships"
176,Fogtown,Andersen Gabrych,2.92,307,"Sequential Art,Sequential Art,Mystery,Mystery,Mystery,LGBT,Historical,Graphic Novels Comics,Fiction,LGBT"
177,The Flame Alphabet,Ben Marcus,2.88,5234,"Fiction,Science Fiction,Science Fiction,Novels,Horror,Fantasy,Literary Fiction,Humanities,Speculative Fiction,Literature"
178,De leesclub,Renate Dorrestein,2.91,590,"Fiction,Humor,European Literature,Novels,Academic,Book Club,Roman"
179,Among the Ten Thousand Things,Julia Pierpont,2.82,11513,"Fiction,Literary Fiction,Contemporary,New York,Family,Marriage,Adult Fiction,Audiobook,Novels,Adult"
180,The Brass Bed (Jewel Heiss #1),Jennifer Stevenson,2.9,794,"Romance,Fantasy,Fantasy,Fiction,Romance,Womens Fiction,Humor,Fantasy,Fantasy,Adult Fiction"
181,Girls in Trucks,Katie Crouch,2.84,8731,"Fiction,Womens Fiction,Contemporary,American,Adult,Adult Fiction,Young Adult,Young Adult,Romance,Womens"
182,Scientology 8-8008: How to Increase Your Spirituality Ability from Zero to Infinity,L. Ron Hubbard,3.02,184,"Religion,Philosophy,Nonfiction"
183,The Culling: Rise of the Ravagers,Scott Lobdell,2.84,294,"Sequential Art,Sequential Art,Superheroes,Comics,Comics,Young Adult,Graphic Novels Comics,Science Fiction"
184,"Eat, Drink and Remarry: Confessions of a Serial Wife",Margo Howard,2.93,119,"Nonfiction,Autobiography,Biography Memoir"
185,The Uncoupling,Meg Wolitzer,2.93,8362,"Fiction,Literary Fiction,Contemporary,Audiobook,Novels,Adult Fiction,Magical Realism,Relationships,Womens Fiction,Adult"
186,Red Rain,R.L. Stine,2.91,4921,"Horror,Fiction,Thriller,Fantasy,Fantasy,Mystery,Adult,Fantasy,Adult Fiction,Novels"
187,The Birthing House,Christopher Ransom,2.47,3603,"Horror,Fiction,Thriller,Fantasy,Fantasy,Mystery,Fantasy,Paranormal,Adult,Thriller"
188,The Tennis Party,Madeleine Wickham,2.98,5663,"Womens Fiction,Fiction,Romance,Contemporary,European Literature,Audiobook,Humor,Adult,Romance,Womens Fiction"
189,Rich Again,Anna Maxted,2.59,499,"Womens Fiction,Contemporary,Fiction"
190,The House on the Cliff,Charlotte Williams,2.88,631,"Mystery,Fiction,Thriller,Suspense,Contemporary,Gothic,Adult Fiction,Thriller,European Literature,Horror"
191,You Don't Scare Me,John Farris,2.88,152,"Horror,Fiction,Thriller,Fantasy"
192,Tell-All,Chuck Palahniuk,2.87,13359,"Fiction,Contemporary,Audiobook,Novels,Humor,Adult Fiction,Thriller,Unfinished,Literature,Literature"
193,Part-Time Princesses,Monica Gallagher,2.86,298,"Sequential Art,Young Adult,Sequential Art,Young Adult,Graphic Novels Comics,Fiction,LGBT,Realistic Fiction,Young Adult,Young Adult"
194,"Attila, King of the Huns: The Man and the Myth",Patrick Howarth,2.97,114,"History,Biography,Nonfiction"
195,Love and Death in the Sunshine State: The Story of a Crime,Cutter Wood,2.69,536,"Crime,Nonfiction,Autobiography,Mystery,Mystery,History,Literary Fiction,Literature,Biography,Unfinished"
196,"Mister Terrific, Vol. 1: Mind Games",Eric Wallace,2.78,373,"Sequential Art,Sequential Art,Superheroes,Graphic Novels Comics,Science Fiction,Comics,Comics,Action"
197,The Little People,John Christopher,2.96,167,"Horror,Fiction,Science Fiction,Fantasy,Adult,German History,Holiday,Science Fiction Fantasy"
198,The Shack,William Paul Young,3.8,606187,"Fiction,Christian,Christian Fiction,Religion,Spirituality,Religion,Inspirational,Religion,Adult Fiction,Adult"
199,We All Fall Down,Rose Szabo,2.49,865,"Fantasy,Young Adult,LGBT,LGBT,Young Adult,Fiction,Paranormal,Fantasy,Fantasy,Fantasy"
200,I Wish My Kids Had Cancer: A Family Surviving the Autism Epidemic,Michael Alan,1.26,35,
201,The Finkler Question,Howard Jacobson,2.81,14987,"Fiction,Literature,Literary Fiction,Contemporary,Literature,European Literature,Novels,Unfinished,Humor,Book Club"
202,Le Divorce,Diane Johnson,2.94,4687,"Fiction,Womens Fiction,Cultural,Romance,Contemporary,Novels,Humor,Travel,Literary Fiction,Adult Fiction"
203,Walks with Men,Ann Beattie,2.73,1706,"Fiction,Short Stories,Romance,Contemporary,Novella,New York,Novels,Adult,Adult Fiction,Literature"
204,The Creator's Map,Emilio Calderón,2.93,327,"Historical,Fiction,Adventure,Thriller,Cultural,Historical,War,War,Cultural,Mystery"
205,We Are Totally Normal,Rahul Kanakia,2.66,2991,"LGBT,Young Adult,Contemporary,Romance,LGBT,Fiction,Audiobook,Young Adult,Romance,LGBT"
206,Daredevil/Batman: Eye for an Eye,D.G. Chichester,2.73,124,"Sequential Art,Sequential Art,Dc Comics,Superheroes,Superheroes,Comics,Fiction,Graphic Novels Comics,Comics"
207,Girl Land,Caitlin Flanagan,2.92,502,"Nonfiction,Feminism,Psychology,Womens,Parenting,Autobiography,Writing,Politics,Sociology,Adult"
208,"Antigua: The Land of Fairies, Wizards and Heroes",Larry   Ellis,1.63,76,"Fantasy,Fiction,Young Adult"
209,Love Transposed,Chelsy Day,2.83,173,"Romance,Contemporary,Short Stories,Fiction,Novella,Romance,Fantasy,Fantasy"
210,Thanos vs. Hulk,Jim Starlin,2.61,236,"Sequential Art,Superheroes,Sequential Art,Comics,Comics,Fiction,Graphic Novels Comics"
211,حكايات الجواري في قصور الخلافة,سعيد أبو العينين,2.89,114,History
212,Nasza szkapa,Maria Konopnicka,2.77,562,"European Literature,Classics,Academic,Short Stories,Fiction,Childrens,Cultural,Canon"
213,Redemption Prep,Samuel       Miller,2.77,744,"Mystery,Young Adult,Contemporary,Fiction,School Stories,Thriller,Thriller,Science Fiction,Young Adult,Audiobook"
214,Amnesia,Peter Carey,2.83,2261,"Fiction,Cultural,Thriller,Contemporary,Mystery,Literary Fiction,Mystery,Audiobook,Novels,Science Fiction"
215,A Separation,Katie Kitamura,2.99,14698,"Fiction,Literary Fiction,Contemporary,Mystery,Novels,Cultural,Adult Fiction,Adult,Marriage,Audiobook"
216,"The Eye of Jade (A Mei Wang Mystery, #1)",Diane Wei Liang,2.97,1076,"Mystery,Cultural,Fiction,Mystery,Cultural,Literature,Adult,Thriller,Mystery,Audiobook"
217,Ivy Day in the Committee Room,James Joyce,2.8,142,"Short Stories,Fiction,Cultural,Classics,Politics,Literature"
218,"Rozdzióbią nas kruki, wrony. Utwory powieściowe",Stefan Żeromski,2.96,1081,"Academic,European Literature,Classics,Fiction,Short Stories,Historical,Stories"
219,Leaving Isn't the Hardest Thing: Essays,Lauren  Hough,3.27,8693,"Autobiography,Nonfiction,Writing,LGBT,LGBT,Audiobook,Religion,Biography,Feminism,Religion"
220,Kind of a Big Deal,Shannon Hale,2.83,3331,"Young Adult,Fantasy,Contemporary,Fiction,Romance,Magical Realism,Young Adult,Audiobook,Young Adult,Young Adult"
221,Ten Days in the Hills,Jane Smiley,2.54,1687,"Fiction,Contemporary,Literature,Romance,Unfinished,Literary Fiction,Novels,Adult,Book Club,Womens"
222,Ludzie bezdomni,Stefan Żeromski,2.91,4423,"Classics,European Literature,Academic,Fiction,Cultural,Academic,Novels,Literature,Historical,Literature"
223,Slave to Fashion,Rebecca    Campbell,2.66,468,"Womens Fiction,Fiction,Humor,Couture,Contemporary,European Literature,Romance"
224,Reus,Annelies Verbeke,2.83,343,"European Literature,Fiction,Roman,Literature"
225,Wit zand,Kristien Hemmerechts,2.84,194,"Literature,Fiction,Roman"
226,Kathleen Hale Is a Crazy Stalker,Kathleen  Hale,2.07,653,"Nonfiction,Writing,Autobiography,Unfinished,Short Stories,Humor"
227,"The Last Lost World: Ice Ages, Human Origins, and the Invention of the Pleistocene",Lydia Pyne,2.93,127,"Science,History,Anthropology,Nonfiction,Environment,Environment,Philosophy,Science"
228,The Unfinished Land,Greg Bear,2.85,243,"Fantasy,Historical,Historical Fiction,Adventure,Young Adult,Adult,Historical,Science Fiction,Literature,Fiction"
229,Pikachu Meets the Press: A Pokemon Newspaper Strip Collection,Gerard Jones,3.89,19,
230,Een zuil van zout,Kristien Hemmerechts,2.87,340,"European Literature,Roman,Fiction"
231,Voodoo: Dancing in the Dark,Alan Moore,2.77,168,"Sequential Art,Sequential Art,Fantasy,Graphic Novels Comics,Horror,Superheroes"
232,The People We Hate at the Wedding,Grant Ginder,2.85,11969,"Fiction,Contemporary,Womens Fiction,Humor,Audiobook,Adult Fiction,Adult,Family,Romance,LGBT"
233,The Boy and the Peddler of Death (The Tale of Onora #1),Dylan Saccoccio,1.54,587,"Fantasy,Fantasy,Novels"
234,The Searing,John Coyne,2.88,138,"Horror,Fiction,Science Fiction,Science Fiction Fantasy,Science Fiction"
235,The Aryan Christ: The Secret Life of Carl Jung,Richard Noll,3.5,101,"Psychology,History,Biography"
236,Barbary Shore,Norman Mailer,2.87,535,"Fiction,Novels,Literature,Literature,New York,Literary Fiction,Anthologies,American"
237,The Cleveland Heights LGBTQ Sci-Fi and Fantasy Role Playing Club,Doug Henderson,3.06,203,"LGBT,Fantasy,Fiction,Contemporary,Adult,Humor,LGBT,Realistic Fiction,Games"
238,Mrs. God,Peter Straub,2.48,917,"Horror,Fiction,Fantasy,Gothic,Mystery,Thriller,Adult Fiction,Contemporary,Novella,Fantasy"
239,Pixu: The Mark of Evil,Gabriel Bá,2.8,519,"Sequential Art,Sequential Art,Horror,Graphic Novels Comics,Sequential Art,Fiction,Comics,Fantasy"
240,"Hawk & Dove, Volume 1: First Strikes",Rob Liefeld,2.84,462,"Sequential Art,Sequential Art,Superheroes,Comics,Graphic Novels Comics,Comics"
241,Castle of Lies,Kiersi Burkhart,2.72,285,"Fantasy,Young Adult,LGBT,Fantasy,Young Adult,Fantasy,Science Fiction Fantasy,Polyamory,LGBT,Romance"
242,A Midsummer Night's Scream,R.L. Stine,2.83,2154,"Horror,Young Adult,Mystery,Thriller,Fantasy,Retellings,Young Adult,Fiction,Romance,Audiobook"
243,Aliens vs. Predator vs. the Terminator,Mark Schultz,2.94,141,"Sequential Art,Sequential Art,Science Fiction,Comics,Horror,Action,Science Fiction"
244,Traffic,John Ruskin,2.88,678,"Classics,Nonfiction,Art,Writing,Short Stories,Literature,European Literature,Politics,Classics,Philosophy"
245,"Life After Death (The Coldest Winter Ever, #2)",Sister Souljah,2.53,2444,"Fiction,Audiobook,Contemporary,Urban,Womens Fiction,Adult Fiction"
246,Nothing But Blackened Teeth,Cassandra Khaw,2.74,23914,"Horror,Fiction,Novella,Fantasy,Adult,Fantasy,Audiobook,Paranormal,Short Stories,Cultural"
247,Michael Jackson Was My Lover: The Secret Diary Of Jordie Chandler,Victor M. Gutiérrez,2.83,59,
248,"Devour (Institut Scientifique, #1)",Melina Morel,2.84,129,"Romance,Paranormal,Fantasy,Shapeshifters,Fantasy,Romance,Fiction,Fantasy,Fantasy"
249,After Alice,Gregory Maguire,2.81,11439,"Fantasy,Fiction,Retellings,Historical,Audiobook,Adult,Fantasy,Adult Fiction,Young Adult,Adventure"
250,Four Beasts in One: The Homo-Cameleopard,Edgar Allan Poe,2.51,377,"Short Stories,Classics,Fiction,Humor,Horror,Historical,Literature,Literature"
251,"The Longest Line on the Map: The United States, the Pan-American Highway, and the Quest to Link the Americas",Eric Rutkow,2.97,185,"History,Nonfiction,Travel,Politics,Science,North American Hi...,Audiobook,History,Cartography"
252,"Controller (Warmer, #3)",Jesse Kellerman,2.73,1122,"Short Stories,Fiction,Science Fiction,Science Fiction,Audiobook,Science Fiction,Environment,The United States Of America,Novella,Environment"
253,Stop Feedin' da Boids!,James Sage,2.89,237,"Childrens,Animals,Childrens,Animals,Fiction,Humor,Food and Drink,Childrens,Childrens"
254,Even If We Break,Marieke Nijkamp,2.94,4345,"Young Adult,Mystery,Thriller,Horror,LGBT,Thriller,Contemporary,LGBT,Fiction,Suspense"
255,Marville Volume 1 TPB,Bill Jemas,1.51,41,"Sequential Art,Superheroes,Sequential Art"
256,Freewill,Chris    Lynch,2.85,562,"Young Adult,Mystery,Fiction,Realistic Fiction,Young Adult,Health,Contemporary,Magical Realism,Young Adult,Thriller"
257,"Godin, held",Gustaaf Peek,2.78,668,"Fiction,Roman,European Literature,Literature,Love,Novels"
258,The Old English Baron,Clara Reeve,2.96,684,"Gothic,Classics,Fiction,Horror,Literature,European Literature,Literature,Mystery,Horror,Romance"
259,Snark: A Polemic in Seven Fits,David Denby,2.75,427,"Nonfiction,Humanities,Cultural,Criticism,Sociology,Humor,Audiobook,Philosophy,Culture,Language"
260,The Measures Between Us,Ethan Hauser,2.86,242,"Fiction,Unfinished"
261,Motherland,Amy Sohn,2.86,1114,"Fiction,Womens Fiction,Contemporary,New York,Adult Fiction,Adult,Novels,Parenting,Relationships,Family"
262,The Deceased,Tom Piccirilli,2.83,139,"Horror,Fiction"
263,Moon People (Moon People #1),Dale M. Courtney,2.52,167,"Science Fiction,Fiction"
264,Wisenheimer: A Childhood Subject to Debate,Mark Oppenheimer,2.93,127,"Autobiography,Nonfiction,Biography,Biography Memoir,Education,Biography"
265,القوس والفراشة,محمد الأشعري,2.98,572,"Fiction,Novels,Northern Africa,Moroccan,Cultural,Literature"
266,"Journal of a Sneaky Twerp: Gregor ""Shmegegge"" Hufflepuff's Memoir",Jest Ninney,2.92,392,
267,The Godyssey,Rob Liefeld,1.0,0,
268,Alison Wonderland,Helen  Smith,2.46,1579,"Fiction,Mystery,Fantasy,Womens Fiction,European Literature,Contemporary,Humor,Romance,Literary Fiction,Fantasy"
269,The Receptionist: An Education at The New Yorker,Janet Groth,2.55,1901,"Autobiography,Nonfiction,Biography,New York,Biography,History,Adult,Biography Memoir,Unfinished,Language"
270,The Seasons,Kristijonas Donelaitis,2.63,820,"Poetry,Classics,Fiction,Academic,Academic,Epic"
271,X-Tinction Agenda: Warzones!,Marc Guggenheim,2.72,167,"Sequential Art,Superheroes,Sequential Art,Comics,Marvel,Comics"
272,Get Up and Do It!: Essential Steps to Achieve Your Goals,Beechy Colclough,2.99,139,"Nonfiction,Self Help,Audiobook,Self Help"
273,Solstice,Lorence Alison,2.92,367,"Horror,Young Adult,Mystery,Thriller,Fiction,Contemporary,Adventure,Adventure,Humor,Young Adult"
274,The Third Translation,Matt Bondurant,2.58,474,"Fiction,Mystery,Thriller,Northern Africa,Historical,History,Thriller,Archaeology,Adult Fiction,Literary Fiction"
275,"Baldur's Gate II: Shadows of Amn (Forgotten Realms: Baldur's Gate, #2)",Philip Athans,2.69,516,"Dungeons and Dragons,Fantasy,Fiction,Role Playing Games,Adventure,Audiobook,Fantasy,Sports and Games,Games"
276,Lisa's Adem,Karel Glastra van Loon,2.81,468,"Fiction,Roman,Contemporary,European Literature"
277,Colors Demonic and Divine: Shades of Meaning in the Middle Ages and After,Herman Pleij,3.04,141,"History,Nonfiction,Art,Historical,Historical"
278,The Second Shepherd's Play,Wakefield Master,2.77,781,"Plays,Classics,Drama,Academic,Plays,Historical,Academic,Literature,Academic,Literature"
279,The Break Up,Charlotte Barnes,2.68,243,"LGBT,LGBT,LGBT,Contemporary,Adult,Romance,Audiobook,Realistic Fiction,LGBT"
280,The Butterflies of Grand Canyon,Margaret Erhart,2.59,196,"Fiction,Mystery,Historical,Romance"
281,Penelope,Rebecca Harrington,2.67,2896,"Fiction,Contemporary,Young Adult,Academic,Womens Fiction,New Adult,Humor,Adult Fiction,Adult,Novels"
282,Beautiful Broken Girls,Kim  Savage,2.7,854,"Young Adult,Mystery,Contemporary,Thriller,Thriller,Fiction,Young Adult,Suspense,Magical Realism,Young Adult"
283,A Quiet Adjustment,Benjamin Markovits,2.8,144,"Fiction,Historical,Historical,Historical,European Literature,Literature,Contemporary,Literary Fiction"
284,يوسف والرداء,إبراهيم أصلان,2.49,633,"Short Stories,Literature"
285,"Lightlark (Lightlark, #1)",Alex Aster,3.48,11627,"Fantasy,Young Adult,Romance,Young Adult,Fiction,Romance,Fantasy,Fantasy,Science Fiction,Audiobook"
286,The Ladies' Lending Library,Janice Kulyk Keefer,2.59,669,"Fiction,Historical,Cultural,Womens Fiction,Adult Fiction,Unfinished,Writing,Womens Fiction,Adult,Own"
287,O: A Presidential Novel,Anonymous,2.45,251,"Fiction,Politics,Historical"
288,Pobre Ana,Blaine Ray,2.72,903,"Academic,European Literature,Academic,Cultural,Realistic Fiction,Fiction,European Literature,Humanities,Young Adult"
289,All-New Captain America: Fear Him,Dennis Hopeless,2.7,189,"Sequential Art,Superheroes,Sequential Art,Comics,Fiction,Graphic Novels Comics,Comics"
290,The Spy Who Jumped Off the Screen,Thomas Caplan,2.74,376,"Fiction,Thriller,Spy Thriller,Mystery,Thriller,Adventure,Unfinished,Thriller"
291,Mrs Hartley And The Growth Centre,Philippa Gregory,2.69,1102,"Fiction,Historical,Contemporary,Romance,Adult,Unfinished,Womens Fiction,Historical,Humor"
292,A Real Friend,Jennifer Wolfthal,2.25,103,"Childrens,Science Fiction,Plays,Childrens"
293,"Batman: The Blue, the Grey, and the Bat",Elliot S. Maggin,2.96,161,"Sequential Art,Dc Comics,Sequential Art,Superheroes,Comics,Historical,Comics,Westerns,Graphic Novels Comics,Military History"
294,Hiding in Plain Sight,Nuruddin Farah,2.87,631,"Fiction,Cultural,Eastern Africa,Literature,Contemporary,LGBT,Adult Fiction,Novels"
295,The Last to Die,Kelly  Garrett,2.96,1803,"Mystery,Young Adult,Thriller,Thriller,Fiction,Horror,Mystery,Mystery,Suspense,Young Adult"
296,Batman/Spawn: War Devil,Doug Moench,2.66,320,"Sequential Art,Sequential Art,Dc Comics,Comics,Comics,Superheroes,Graphic Novels Comics,Fiction"
297,Nad Niemnem,Eliza Orzeszkowa,2.98,2402,"European Literature,Classics,Academic,Fiction,Cultural,Historical,Literature,Literature,Romance,Drama"
298,Delusion,Laura L. Sullivan,2.93,174,"Historical,Fantasy,Young Adult,Romance,Historical,War,Fiction,Young Adult,War,Historical Fiction"
299,Bunker,Andrea Maria Schenkel,2.5,211,"Mystery,Thriller,Fiction,Roman,Mystery,European Literature,Novella"
300,Mystification,Edgar Allan Poe,2.6,221,"Short Stories,Classics,Literature,Horror,Fiction,Gothic,Literature,Humor"
301,Get a Life,Nadine Gordimer,2.95,612,"Fiction,Cultural,Southern Africa,Nobel Prize,Literary Fiction,Short Stories,Family,Literature"
302,Who Is Rich?,Matthew Klam,2.97,1587,"Fiction,Contemporary,Novels,Literary Fiction,Adult Fiction,Literature,Humor,Literature,Unfinished"
303,Landor's Cottage,Edgar Allan Poe,2.46,234,"Short Stories,Fiction,Classics,Horror,Literature"
304,Zorba the Hutt's Revenge (Star Wars: Jedi Prince #3),Paul  Davids,2.77,652,"Media Tie In,Science Fiction,Fiction,Fantasy,Young Adult,Childrens,Childrens,Childrens,Novels,Fantasy"
305,Game Runner,B.R. Collins,2.84,160,"Science Fiction,Young Adult,Science Fiction,Fiction"
306,Indigo,Charlaine Harris,2.86,1018,"Fantasy,Fantasy,Mystery,Fantasy,Fiction,Horror,Anthologies,Science Fiction Fantasy,Audiobook,Fantasy"
307,Second-Hand Princess,Lorraine J. Anderson,2.63,252,"Fantasy,Fantasy,Short Stories,Historical,Paranormal,Romance,Fiction"
308,Syzyfowe prace,Stefan Żeromski,2.4,5503,"European Literature,Academic,Classics,Fiction,Historical,Academic,Cultural,Literature,Novels,Audiobook"
309,The Best Laid Plans,Lynn Edelman Schnurnberger,2.66,383,"Womens Fiction,Fiction,Audiobook"
310,The Divided States of Hysteria,Howard Chaykin,2.63,142,"Sequential Art,Sequential Art,Fiction,Mystery,Graphic Novels Comics,Comics,Politics"
311,The Catsitters,James Wolcott,2.93,190,"Fiction,Animals,Humor,Novels"
312,A Bigamist's Daughter,Alice McDermott,2.96,647,"Fiction,Contemporary,Novels,Literary Fiction,Relationships"
313,"The Hot One: A Memoir of Friendship, Sex, and Murder",Carolyn Murnick,2.81,1358,"Crime,Autobiography,Nonfiction,Mystery,Mystery,Biography,Young Adult,Biography,New York,Thriller"
314,Lucky You,Erika Carter,2.62,2868,"Fiction,Contemporary,Literary Fiction,Novels,Adult Fiction,Young Adult,Adult,New Adult,Realistic Fiction,Drama"
315,The Affairs of Others,Amy Grace Loyd,2.79,1323,"Fiction,Contemporary,Adult,Literary Fiction,New York,Audiobook,Suspense,Novels,Adult Fiction,Adult Fiction"
316,شريعة حمورابي,محمود الأمين,2.86,202,"History,Nonfiction"
317,Albion,Alan Moore,2.96,623,"Sequential Art,Sequential Art,Comics,Fantasy,Comics,Fiction,Graphic Novels Comics,Science Fiction,Science Fiction,Sequential Art"
318,"Gork, the Teenage Dragon",Gabe Hudson,2.81,868,"Fantasy,Fiction,Young Adult,Fantasy,Humor,Science Fiction,Science Fiction Fantasy,Adult,Young Adult,Fantasy"
319,Subtle Bodies,Norman Rush,2.78,806,"Fiction,Contemporary,Literary Fiction,Novels,Adult Fiction,American,Unfinished"
320,Palimpsest: A History of the Written Word,Matthew Battles,2.93,221,"Nonfiction,History,Language,Writing,Humanities,Humanities,Audiobook,Historical,Literature,Literature"
321,The Sopaths,Piers Anthony,2.7,339,"Horror,Fantasy"
322,Starting from Happy,Patricia Marx,2.52,625,"Fiction,Humor,Contemporary,Adult Fiction,Romance,Unfinished,Novels,Womens Fiction"
323,After the Saucers Landed,Douglas Lain,2.78,197,"Science Fiction,Fiction,Science Fiction Fantasy,Science Fiction,New York"
324,Batman: Digital Justice,Pepe Moreno,2.72,223,"Sequential Art,Sequential Art,Dc Comics,Superheroes,Comics,Art,Science Fiction,Graphic Novels Comics"
325,A Child's Book of True Crime,Chloe Hooper,2.95,706,"Fiction,Cultural,Mystery,Cultural,Mystery,Thriller,Literary Fiction,Suspense,Audiobook,Literature"
326,Crazy Emma,Brandie Buckwine,2.72,399,"Adult Fiction,Romance,Short Stories,Adult,Womens Fiction,Fiction,Romance,Contemporary,Modern,Adult Fiction"
327,Confessions of a Rebel Debutante: A Cordial Invitation,Anna  Fields,2.64,237,"Autobiography,Nonfiction,Biography,Womens Fiction,American"
328,All the Sad Young Literary Men,Keith Gessen,2.91,1475,"Fiction,Contemporary,Novels,Literary Fiction,Literature,Literature,Literature,Modern,Adult,Cultural"
329,"Justice League of America, Vol. 7: Team History",James Robinson,2.8,224,"Sequential Art,Sequential Art,Superheroes,Comics,Comics,Graphic Novels Comics,Dc Comics,Sequential Art"
330,The Street,H.P. Lovecraft,2.4,909,"Horror,Short Stories,Horror,Fiction,Classics,Fantasy,Literature,Mystery,Audiobook,Gothic"
331,The Independence of Miss Mary Bennet,Colleen McCullough,2.92,3054,"Historical,Fiction,Romance,Historical,Historical,Womens Fiction,Romance,European Literature,Audiobook,Novels"
332,Prospect Park West,Amy Sohn,2.8,1791,"Fiction,Womens Fiction,New York,Contemporary,Humor,Adult Fiction,Audiobook,Marriage,Novels,Family"
333,أيام بين شيكاغو وباريس,محمد حامد الأحمري,2.74,205,
334,"A Princess of Roumania (Princess of Roumania, #1)",Paul Park,2.88,663,"Fantasy,Fiction,Science Fiction,Young Adult,Science Fiction,Adventure,Science Fiction Fantasy,Speculative Fiction,Fantasy,Young Adult"
335,"Shadowmancer (Shadowmancer, #1)",G.P. Taylor,2.82,3138,"Fantasy,Young Adult,Fiction,Childrens,Fantasy,Christian Fiction,Christian,Fantasy,Mystery,Science Fiction Fantasy"
336,Inglorious,Joanna Kavenna,2.84,304,"Fiction,Novels,Contemporary,European Literature,Philosophy,Unfinished,Womens,Literary Fiction,Literature"
337,Mendel Gdański. Miłosierdzie gminy,Maria Konopnicka,2.86,544,"European Literature,Academic,Classics,Fiction,Novels,Short Stories"
338,The Magdalene Cipher,Jim Hougan,2.97,985,"Thriller,Fiction,Mystery,Thriller,Historical,Mystery,Suspense,Spy Thriller,Action,Pseudoscience"
339,The Actress,Amy Sohn,2.92,1175,"Fiction,Contemporary,Romance,Womens Fiction,Relationships,Audiobook,Media Tie In,Novels,Womens Fiction,Adult"
340,التحول,Δημήτρης Δημητριάδης,2.74,229,Novels
341,All the Lives He Led,Frederik Pohl,2.91,266,"Science Fiction,Fiction,Thriller,Science Fiction,Science Fiction Fantasy"
342,Der Schmuck der Lady Catherine,Joan Aiken,2.86,400,"Fiction,Historical,Historical,Historical,Romance,Adult,Retellings,Literature,Literature,Historical Romance"
343,Girl Cook,Hannah Mccouch,2.75,323,"Womens Fiction,Fiction,Romance,Food and Drink,Food and Drink,Adult Fiction"
344,This Is Why You're Single,Laura  Lane,2.95,189,"Nonfiction,Humor,Self Help,Womens Fiction"
345,Iago,David Snodin,2.98,207,"Historical,Fiction,Historical,Mystery,Cultural,Novels,Adult,Retellings"
346,The Foreigner,Francie Lin,2.82,298,"Fiction,Mystery,Cultural,Cultural,Thriller,Literature,Novels,Thriller"
347,Belle in the Big Apple: A Novel with Recipes,Brooke Parkhurst,2.23,165,"Fiction,Womens Fiction"
348,Pure,Rebbecca Ray,2.9,1910,"Fiction,Young Adult,Young Adult,Contemporary,Young Adult,Womens Fiction,Sociology,Adult,Adult Fiction,Modern"
349,Pop Tart,Kira Coplin,2.68,289,"Womens Fiction,Fiction,Young Adult"
350,Bob Honey Who Just Do Stuff,Sean Penn,2.06,680,"Fiction,Politics,Humor,Contemporary,Literary Fiction,Novels"
351,Everyone She Loved,Sheila Curran,2.87,226,Fiction
352,Murder in Mount Holly,Paul Theroux,2.47,214,"Fiction,Mystery,Mystery,Humor,Literature"
353,The Queen's Sorrow,Suzannah Dunn,2.88,776,"Historical,Historical,Fiction,English History,European Literature,Tudor Period,Historical"
354,Tris & Izzie,Mette Ivie Harrison,2.61,1166,"Young Adult,Fantasy,Fantasy,Romance,Retellings,Fantasy,Fantasy,Fantasy,Young Adult,Contemporary"
355,Blueprint Blaupause,Charlotte Kerner,2.73,1245,"Academic,Science Fiction,European Literature,Young Adult,Science Fiction,Fiction,Academic,Music,Contemporary,Childrens"
356,Rogue Touch,Christine Woodward,2.86,415,"Fantasy,Comics,Young Adult,Sequential Art,Romance,Science Fiction,Fiction,Superheroes,Science Fiction,Fantasy"
357,Bad Heir Day,Wendy  Holden,3.0,1884,"Womens Fiction,Fiction,Romance,Contemporary,European Literature,Humor,Romance,Novels,Humor,Adult"
358,Ultimate End,Brian Michael Bendis,2.82,460,"Sequential Art,Sequential Art,Superheroes,Comics,Fiction,Science Fiction,Graphic Novels Comics,Comics,Marvel,Sequential Art"
359,Hot Pterodactyl Boyfriend,Alan Cumyn,2.09,567,"Young Adult,Fantasy,Romance,Humor,Contemporary,Fiction,Young Adult,Young Adult,Animals,Fantasy"
360,Rapture,Susan Minot,2.96,786,"Fiction,Romance,Adult Fiction,Novels,Adult,Contemporary,Novella,Adult Fiction,Sexuality,Literary Fiction"
361,Batman: Haunted Gotham,Doug Moench,2.73,237,"Sequential Art,Sequential Art,Dc Comics,Superheroes,Horror,Comics,Comics,Fantasy,Graphic Novels Comics,Horror"
362,Hamlet's Father,Orson Scott Card,2.8,381,"Fiction,Audiobook,Historical,Retellings,Fantasy,Classics,Adult,Mystery,Novella,Paranormal"
363,علشان الصنارة تغمز: كلام لازم كل الولاد تعرفه,أمل محمود,2.7,736,Social
364,"Wolverines, Volume 2: Claw, Blade and Fang",Charles Soule,2.77,195,"Sequential Art,Superheroes,Sequential Art,Comics,Marvel,Comics,Fiction,Graphic Novels Comics,Science Fiction"
365,The Suitors,Cécile David-Weill,2.56,538,"Fiction,Cultural,Contemporary,Humor,Womens Fiction,Audiobook"
366,A Good Talk: The Story and Skill of Conversation,Daniel Menaker,2.48,235,"Nonfiction,Psychology,Self Help,Relationships,Language,Adult"
367,"Fine, Fine, Fine, Fine, Fine",Diane Williams,2.8,814,"Short Stories,Fiction,Adult Fiction,Short Stories,The United States Of America,Literature,Anthologies,Unfinished,Anthologies,Literary Fiction"
368,Beach Week,Susan Coll,2.46,276,"Fiction,Humor,Adult Fiction,Contemporary,Family"
369,The Washingtonienne,Jessica Cutler,2.84,1578,"Womens Fiction,Fiction,Politics,Humor,Adult Fiction,Sexuality,Sexuality,Contemporary"
370,Cyber Cinderella,Christina Hopkinson,2.72,229,
371,O krasnoludkach i sierotce Marysi,Maria Konopnicka,2.88,621,"European Literature,Classics,Childrens,Fiction,Fantasy,Cultural,Academic,Novels"
372,Nothing Is Quite Forgotten in Brooklyn,Alice Mattison,2.99,250,"Fiction,Historical,Contemporary,Literary Fiction,New York"
373,The Midtown Butcher,Andy Weir,2.91,291,"Short Stories,Fiction,Fantasy,Thriller,Audiobook,Thriller,Mystery,Mystery"
374,Potboiler,Jesse Kellerman,2.9,832,"Mystery,Thriller,Fiction,Suspense,Spy Thriller,Mystery,Adult Fiction,Audiobook"
375,Lunch-Box Dream,Tony Abbott,2.68,382,"Historical,Historical,Young Adult,Childrens,Fiction,Family,Childrens,Cultural,Childrens,Realistic Fiction"
376,Barry Trotter And The Unnecessary Sequel,Michael Gerber,2.83,719,"Fantasy,Fiction,Humor,Humor,Young Adult,Fantasy,Science Fiction Fantasy,Adult,Fantasy,Literature"
377,Only Superhuman,Christopher L. Bennett,2.86,388,"Science Fiction,Fiction,Comics,Fantasy,Sequential Art,Science Fiction Fantasy,Adventure"
378,"Wolverines, Volume 1: Dancing with the Devil",Charles Soule,2.83,285,"Sequential Art,Sequential Art,Superheroes,Marvel,Comics,Comics,Graphic Novels Comics,Fiction,Action,Science Fiction"
379,The Blue Book,A.L. Kennedy,2.95,672,"Novels,Contemporary,Romance,Literary Fiction,Fiction,Literature,Unfinished,European Literature"
380,Zoo Time,Howard Jacobson,2.92,806,"Fiction,Literary Fiction,Humor,Contemporary,Novels,Humor,Unfinished,Literature,European Literature,Language"
381,"The Twitter Diaries: 2 Cities, 1 Friendship, 140 Characters",Georgie Thompson,2.64,473,"Fiction,Womens Fiction,Adult,Unfinished"
382,"We Can Be Mended (Divergent, #3.5)",Veronica Roth,2.72,5298,"Science Fiction,Young Adult,Science Fiction,Short Stories,Fantasy,Fiction,Novella,Romance,Young Adult,Young Adult"
383,Drowned,Therese Bohman,3.21,4010,"Fiction,Audiobook,Thriller,Contemporary,Suspense,European Literature,European Literature,Cultural,Literary Fiction,Romance"
384,The Tree,H.P. Lovecraft,2.99,1049,"Horror,Horror,Short Stories,Fantasy,Fiction,Classics,Fantasy,Lovecraftian,Gothic,Historical"
385,In the Land of No Right Angles,Daphne Beal,2.7,191,"Fiction,Travel,Cultural,Cultural"
386,"The Pig Did It (Pig Trilogy, #1)",Joseph Caldwell,2.89,1608,"Fiction,Mystery,Cultural,Humor,European Literature,Adult Fiction,Animals,Contemporary,Adult,Literary Fiction"
387,After Me Comes the Flood,Sarah Perry,2.8,3634,"Fiction,Contemporary,Mystery,Literary Fiction,Gothic,Audiobook,Thriller,Unfinished,European Literature,Adult Fiction"
388,Bollywood Nights,Shobhaa Dé,2.65,855,"Fiction,Cultural,Womens Fiction,Romance,Asian Literature,Cultural,Contemporary,Literature"
389,College Girl,Patricia Weitz,2.93,1372,"Fiction,New Adult,Womens Fiction,Young Adult,Realistic Fiction,Adult Fiction,Academic,Romance,Novels,Young Adult"
390,By a Lady: Being the Adventures of an Enlightened American in Jane Austen's England,Amanda Elyot,2.85,334,"Historical,Fiction,Science Fiction,Romance,Historical,Historical,Womens Fiction,Romance,Fantasy,Historical"
391,The DNA of You and Me,Andrea Rothman,2.89,1084,"Romance,Fiction,Contemporary,Womens Fiction,Adult Fiction,Adult,Audiobook,Womens Fiction,Science Fiction,Relationships"
392,The Glove of Darth Vader (Star Wars: Jedi Prince #1),Paul  Davids,2.77,894,"Media Tie In,Science Fiction,Fiction,Young Adult,Fantasy,Childrens,Childrens,Adventure,Space,Childrens"
393,The Book Borrower,Alice Mattison,2.71,1345,"Fiction,Historical,Writing,Contemporary,Literary Fiction,Adult Fiction,Book Club,Literature,Historical,Unfinished"
394,Hemingway Didn't Say That: The Truth Behind Familiar Quotations,Garson O'Toole,2.99,1916,"Nonfiction,History,Reference,Business,Humanities,Unfinished,Reference,Language,Writing,Literature"
395,Stay Up with Hugo Best,Erin Somers,2.91,2580,"Fiction,Contemporary,Humor,Audiobook,Adult,Literary Fiction,Adult Fiction,New York,Novels,New Adult"
396,AXIS: Revolutions,Dennis Hopeless,2.66,130,"Sequential Art,Superheroes,Sequential Art,Comics,Marvel,Fantasy"
397,أنا، هي والأخريات,جنى فواز الحسن,2.44,797,"Novels,Feminism"
398,The Wedding Writer,Susan Schneider,2.76,230,"Womens Fiction,Fiction"
399,Yanko the Musician and Other Stories,Henryk Sienkiewicz,2.88,1783,"European Literature,Classics,Academic,Fiction,Short Stories,Childrens,Cultural,Historical,Novels,Positivism"
400,Red Skull,Joshua Williamson,2.84,212,"Sequential Art,Superheroes,Sequential Art,Comics,Sequential Art,Fiction,Thriller,Fantasy"
401,Dear Reader,Mary  O'Connell,2.75,626,"Young Adult,Magical Realism,Contemporary,Fiction,Romance,Retellings,Fantasy,Audiobook,Writing,Young Adult"
402,They Called Me Wyatt,Natasha Tynes,1.64,2317,"Fiction,Mystery,Mystery,Adult"
403,A Taint in the Blood (Shadowspawn #1),S.M. Stirling,2.99,812,"Fantasy,Fantasy,Fiction,Paranormal,Horror,Fantasy,Urban,Fantasy,Adult,Science Fiction"
404,Indigo: In Search of the Color That Seduced the World,Catherine E. McKinley,2.9,493,"Nonfiction,History,Cultural,Travel,Art,Autobiography,History,Historical,Reference,Western Africa"
405,Tumble & Fall,Alexandra Coutts,2.95,1221,"Young Adult,Romance,Contemporary,Science Fiction,Science Fiction,Fiction,Science Fiction,Fantasy,Young Adult,Young Adult"
406,A Thing (or Two) About Curtis and Camilla,Nick Fowler,2.74,155,Fiction
407,Book of Secrets,Chris Roberson,2.88,200,"Fantasy,Mystery,Fiction,Thriller,Fantasy,Science Fiction,Thriller"
408,Bradstreet Gate,Robin Kirman,2.71,1617,"Fiction,Mystery,Contemporary,Thriller,Literary Fiction,Suspense,Audiobook,Adult Fiction,Novels,Thriller"
409,Antek,Bolesław Prus,2.8,1016,"European Literature,Classics,Academic,Fiction,Short Stories,Childrens,Literature,Literature,Positivism,Cultural"
410,"Restless Virgins: Love, Sex, and Survival at a New England Prep School",Abigail Jones,2.78,606,"Nonfiction,School Stories,Education,Feminism,Gender,Autobiography,Parenting,Sociology,Social Science,Crime"
411,أنثى العنكبوت,قماشة العليان,2.58,1131,"Novels,Fiction"
412,"IvX (Uncanny X-Men: Superior, #4)",Cullen Bunn,2.92,301,"Sequential Art,Superheroes,Marvel,Sequential Art,Comics,Comics,Graphic Novels Comics,Fiction,Science Fiction"
413,They All Fall Down,Rachel Howzell Hall,2.9,4193,"Mystery,Thriller,Fiction,Thriller,Suspense,Audiobook,Contemporary,Adult,Adult Fiction,Mystery"
414,Woke Up Lonely,Fiona Maazel,2.76,800,"Fiction,Contemporary,Novels,Unfinished,Literature,Literary Fiction,Humor,Science Fiction,Female Authors,Religion"
415,Die gordische Schleife,Bernhard Schlink,2.96,513,"Fiction,European Literature,Thriller,Cultural,Contemporary,Novels"
416,You Have to Kiss a Lot of Frogs,Laurie Graff,2.86,1115,"Womens Fiction,Fiction,Romance,Humor,Contemporary,Literature,New York"
417,Civil War II: X-Men,Cullen Bunn,2.86,302,"Sequential Art,Superheroes,Sequential Art,Marvel,Comics,Comics,Military History,Fiction,Graphic Novels Comics"
418,Devotion,Madeline  Stevens,2.77,1561,"Fiction,Contemporary,Thriller,Suspense,Literary Fiction,Mystery,Drama,Thriller,Audiobook,Adult"
419,Ghost Rider: Four on the Floor,Felipe Smith,2.76,131,"Sequential Art,Superheroes,Sequential Art,Comics,Mystery"
420,Maggie Smith,Michael Coveney,3.02,972,"Biography,Nonfiction,Biography Memoir,Audiobook,Autobiography,History,Biography,European Literature,Media Tie In,Adult"
421,Games to Play After Dark,Sarah Gardner Borden,2.62,296,"Fiction,Contemporary"
422,Tiere,Simon Beckett,2.97,1692,"Thriller,Horror,Mystery,Fiction,Mystery,European Literature,Adult,Audiobook,Novels"
423,The Occasional Virgin,Hanan Al-Shaykh,2.47,394,"Fiction,Contemporary,Novels,Religion,Religion,Cultural"
424,L'Affaire,Diane Johnson,2.95,889,"Fiction,Womens Fiction,Cultural,Romance,Contemporary,Novels,Travel,Literary Fiction,Womens Fiction,Unfinished"
425,The Almost Archer Sisters,Lisa Gabriele,2.93,567,"Fiction,Womens Fiction,Cultural,Novels"
426,Mad City: The True Story of the Campus Murders That America Forgot,Michael Arntfield,2.98,1926,"Crime,Nonfiction,Mystery,Mystery,Thriller,Thriller,Business,Biography,History,Contemporary"
427,Normal Girl,Molly Jong-Fast,2.94,637,"Fiction,Womens Fiction,Young Adult,Young Adult,Humor"
428,Everything We Ever Wanted,Sara Shepard,2.86,1308,"Fiction,Contemporary,Womens Fiction,Adult Fiction,Romance,Adult,Novels,Mystery,Womens Fiction,Realistic Fiction"
429,Fangland,John Marks,2.61,1111,"Horror,Paranormal,Fiction,Fantasy,Fantasy,Mystery,Fantasy,Fantasy,Audiobook,Thriller"
430,Onmacht,Charles den Tex,2.8,369,"Thriller,Roman,Novels,Literature,Fiction,Mystery,Young Adult"
431,The Social Climber's Handbook,Molly Jong-Fast,2.73,254,"Fiction,Womens Fiction,Mystery,Contemporary,Humor,Mystery,Adult Fiction"
432,My Jane Austen Summer: A Season in Mansfield Park,Cindy  Jones,2.91,1048,"Fiction,Womens Fiction,Romance,European Literature,Unfinished,Contemporary,Historical,Adult Fiction,Womens Fiction,Modern"
433,"Idiot: Beating ""The Curse"" and Enjoying the Game of Life",Johnny Damon,2.86,338,"Sports,Sports,Nonfiction,Biography,Autobiography,Biography"
434,Amanda Bright @ Home,Danielle Crittenden,2.71,269,"Fiction,Womens Fiction"
435,Loop Group,Larry McMurtry,2.69,1021,"Fiction,Womens Fiction,Audiobook,Unfinished,Contemporary,Literary Fiction"
436,Swan,Naomi Campbell,2.69,159,"Womens Fiction,Fiction,Mystery,Mystery,Contemporary,Thriller,Marriage,Romance"
437,Bob Honey Who Just Do Stuff,Pappy Pariah,2.48,911,"Fiction,Audiobook,Humor,Short Stories,Politics,Humor,Contemporary"
438,That Thing Called Love,Tuhin A. Sinha,2.89,863,"Fiction,Romance,Novels,Asian Literature"
439,The Strange Case of the Composer and His Judge,Patricia Duncker,2.91,318,"Fiction,Mystery,Cultural,Mystery,Audiobook,Thriller"
440,Summer Reading,Hilma Wolitzer,2.75,959,"Fiction,Womens Fiction,Writing,Relationships,Womens,Adult,Womens Fiction,Audiobook,Contemporary,Adult Fiction"
441,Becoming Strangers,Louise Dean,2.8,533,"Fiction,Contemporary,Novels,European Literature,Literary Fiction,Marriage,Love"
442,The Woman Who Can't Forget: The Extraordinary Story of Living with the Most Remarkable Memory Known to Science,Jill Price,2.92,945,"Nonfiction,Autobiography,Biography,Psychology,Science,Medical,Audiobook,Biography,Biography Memoir,Health"
443,The Sexual Life of Catherine M.,Catherine Millet,2.82,3321,"Adult Fiction,Nonfiction,Biography,Autobiography,Sexuality,Cultural,Biography,Biography Memoir,Literature,Womens"
444,Daddy Was the Black Dahlia Killer: The Identity of America's Most Notorious Serial Murderer--Revealed at Last,Janice Knowlton,2.86,251,"Crime,Nonfiction,Mystery"
445,"1.000 razones para no enamorarse (1.000 razones, #1)",Hortense Ullrich,2.85,997,"Romance,Young Adult"
446,A Gronking to Remember: Book One in the Rob Gronkowski Erotica Series,Lacey Noonan,2.86,161,"Fiction,Adult Fiction"
447,Would It Kill You to Stop Doing That: A Modern Guide to Manners,Henry  Alford,2.95,926,"Nonfiction,Humor,Self Help,Reference,Writing,Adult,Sociology,Audiobook,Book Club,Autobiography"
448,"The 100 Thing Challenge: How I Got Rid of Almost Everything, Remade My Life, and Regained My Soul",Dave Bruno,2.89,2216,"Nonfiction,Self Help,Autobiography,Self Help,Adult,Biography,Philosophy,Unfinished,Environment,Psychology"
449,"Notting Hell (Notting Hell Trilogy, #1)",Rachel Johnson,2.92,987,"Womens Fiction,Fiction,Contemporary,Humor,Adult,European Literature,Romance"
450,"Tomorrow Never Learns (Wolverine and the X-Men, #1)",Jason Latour,2.91,388,"Sequential Art,Superheroes,Sequential Art,Marvel,Comics,Graphic Novels Comics,Comics,Fiction,Sequential Art,Science Fiction"
451,Posh,Lucy   Jackson,2.93,989,"Fiction,Womens Fiction,Young Adult,New York,Adult,Adult Fiction,Realistic Fiction,Literature,Drama,Academic"
452,The Feminist and the Cowboy: An Unlikely Love Story,Alisa Valdes,2.68,285,"Autobiography,Nonfiction,Feminism,Romance,Biography,Westerns"
453,Echte mannen eten geen kaas,Maria Mosterd,2.51,1160,"Nonfiction,European Literature,Biography,Autobiography,Roman,Academic,Biography,Contemporary"
454,A Bad Bride's Tale,Polly Williams,2.96,538,"Womens Fiction,Fiction,Romance,Adult,Adult Fiction,Novels,European Literature"
455,"Fantastic Four, Volume 3: Doomed",Matt Fraction,2.94,318,"Sequential Art,Sequential Art,Superheroes,Comics,Fiction,Comics,Graphic Novels Comics"
456,The Meowmorphosis,Coleridge Cook,2.94,985,"Fiction,Fantasy,Humor,Animals,Classics,Retellings,Science Fiction,Adult,Adult Fiction,Horror"
457,The Cowboy's Wish,Ruth Ann Nordin,2.84,238,"Romance,Short Stories,Science Fiction,Science Fiction,Fantasy,Westerns,Fiction,Romance,Historical,Fantasy"
458,The Headmaster Ritual,Taylor Antrim,2.81,296,"Fiction,Anthologies,Young Adult"
459,366,Amir Tag Elsir,2.97,978,"Novels,Fiction,Literature,Romance"
460,Gloria Victis,Eliza Orzeszkowa,2.79,2655,"Academic,Classics,European Literature,Fiction,Short Stories,Historical,Academic,Cultural,War,Audiobook"
461,Immunity,Taylor Antrim,2.58,307,"Science Fiction,Fiction,Adult,Fantasy"
462,Siłaczka,Stefan Żeromski,2.68,1349,"European Literature,Classics,Fiction,Academic,Short Stories,Cultural,Literature,Novels,Academic"
463,The Spa,Fay Weldon,2.81,578,"Fiction,Womens Fiction,Literary Fiction,Short Stories,Novels,Romance,Mystery,Womens,Contemporary"
464,The Glamorous (Double) Life of Isabel Bookbinder,Holly McQueen,2.9,883,"Womens Fiction,Fiction,Romance,Humor,Adult"
465,September Girls,Bennett Madison,2.96,2185,"Young Adult,Fantasy,Romance,Mythology,Fantasy,Contemporary,Fiction,Mystery,Young Adult,Young Adult"
466,Topics of Conversation,Miranda Popkey,2.82,8235,"Fiction,Contemporary,Literary Fiction,Feminism,Novels,Adult,Audiobook,Womens,Short Stories,Adult Fiction"
467,Call Me Zebra,Azareen Van der Vliet Oloomi,2.86,1190,"Fiction,Contemporary,Cultural,Literary Fiction,Novels,Writing,Unfinished,Literature,Audiobook,Literature"
468,گندم,م. مودب‌پور,2.59,1321,"Novels,Romance,Literature,Fiction,Roman"
469,Coming of Age at the End of Days,Alice LaPlante,2.87,571,"Fiction,Young Adult,Contemporary,Religion,Young Adult,Thriller,Family,Thriller,Adult,Mystery"
470,Prayer,Philip Kerr,2.9,1135,"Fiction,Thriller,Mystery,Mystery,Fantasy,Suspense,Thriller,Horror,Thriller,Audiobook"
471,Hungry Woman in Paris,Josefina López,2.73,449,"Fiction,Adult Fiction,Novels"
472,Wedding Season,Darcy Cosper,2.82,798,"Womens Fiction,Fiction,Romance,Contemporary,Adult,Literature"
473,Civil War II: Kingpin,Matthew Rosenberg,2.88,170,"Sequential Art,Superheroes,Sequential Art,Comics,Marvel,Comics"
474,The Love of My Youth,Mary Gordon,2.82,1031,"Fiction,Romance,Cultural,Literary Fiction,Contemporary,Love,Relationships,Womens Fiction,Adult Fiction,Unfinished"
475,I'm So Happy for You,Lucinda Rosenfeld,2.74,1394,"Fiction,Womens Fiction,Romance,Adult Fiction,Novels,Adult,Contemporary,Humor,Womens Fiction,Book Club"
476,The Diagnosis,Alan Lightman,2.85,1070,"Fiction,Novels,Literature,Contemporary,Unfinished,Adult,Literature,Book Club,Literary Fiction,Health"
477,Lost in Arcadia,Sean Gandert,2.67,1019,"Fiction,Science Fiction,Science Fiction,Science Fiction Fantasy,Modern,Speculative Fiction,Business"
478,Naked Came the Stranger,Penelope Ashe,2.94,365,"Fiction,Adult Fiction,Humor,Sexuality,Classics,Humor,Novels"
479,The Sugar Frosted Nutsack,Mark Leyner,2.93,1080,"Fiction,Humor,Novels,Fantasy,Contemporary,Humor,Unfinished,Literature,Literature,Literature"
480,Christmas With My Grinch,B.L. Morticia,2.9,171,"Romance,Holiday,Romance,Holiday,Romance,Short Stories,Adult Fiction,Erotica,LGBT,Contemporary"
481,The Uninvited Guests,Sadie Jones,2.96,8774,"Fiction,Historical,Mystery,Historical,Fantasy,Fantasy,Gothic,European Literature,Fantasy,Adult"
482,First X-Men,Neal Adams,2.99,269,"Sequential Art,Sequential Art,Marvel,Superheroes,Comics,Fiction,Graphic Novels Comics,Comics,Science Fiction,Comics Manga"
483,The Queen's Lover,Francine du Plessix Gray,2.97,1081,"Historical,Fiction,Cultural,European History,Historical,Romance,Literature,Adult,Literature,Cultural"
484,So Long at the Fair,Christina Schwarz,2.79,730,"Fiction,Contemporary,Relationships,Adult,Marriage"
485,"Apocalypse Wars (Uncanny X-Men: Superior, #2)",Cullen Bunn,2.97,425,"Sequential Art,Superheroes,Marvel,Sequential Art,Comics,Comics,Graphic Novels Comics,Fiction,Science Fiction"
486,"Final Genesis (Young X-Men, #1)",Marc Guggenheim,2.94,175,"Sequential Art,Marvel,Sequential Art,Superheroes,Graphic Novels Comics,Comics,Comics"
487,Book of Numbers,Joshua Cohen,2.98,1242,"Fiction,Contemporary,Literary Fiction,Novels,Literature,Literature,Unfinished,Literature,Science,The United States Of America"
488,The Scorpion's Sweet Venom: The Diary of a Brazilian Call Girl,Bruna Surfistinha,2.76,928,"Nonfiction,Biography,Cultural,Biography,Adult Fiction,Sex Work,Autobiography,Contemporary,European Literature,Feminism"
489,If the Shoe Fits,Stephanie Rowe,2.98,416,"Womens Fiction,Romance,Fiction,Audiobook,Contemporary,Romance,Literature"
490,"The Accidental Groupie (The Accidental Groupie, #1)",Simone Holloway,2.93,242,"Romance,Adult Fiction,Short Stories,New Adult,Womens Fiction,Music,Adult"
491,Tomorrow,Graham Swift,2.64,1180,"Fiction,Literary Fiction,Contemporary,European Literature,Audiobook,Novels,Family,Literature,Literature,Relationships"
492,Cum Laude,Cecily von Ziegesar,2.51,1878,"Young Adult,Fiction,Womens Fiction,Contemporary,Academic,Adult Fiction,Adult,Romance,New Adult,Drama"
493,The Ring: The Last Knight Templar's Inheritance,Jorge Molist,3.0,896,"Fiction,Historical,Thriller,Mystery,Historical,Adventure,Religion,Anthologies,Thriller,Unfinished"
494,Chicago: A Novel of Prohibition,David Mamet,2.92,1332,"Fiction,Historical,Mystery,Mystery,Historical,Literature,Thriller,Novels,Thriller,Literary Fiction"
495,Rancid Aluminium,James Hawes,2.95,310,"Fiction,Mystery,Humor,European Literature,Contemporary"
496,The Twelve,William  Gladstone,2.57,730,"Fiction,Mystery,Contemporary,Science Fiction,Thriller,Adventure,Science Fiction Fantasy"
497,You Are Here,Meenakshi Reddy Madhavan,2.69,717,"Womens Fiction,Fiction,Contemporary,Cultural"
498,A Girl Like Me,Swati Kaushal,2.95,233,"Young Adult,Womens Fiction"
499,The Squirrel Mother,Megan Kelso,2.86,645,"Sequential Art,Sequential Art,Short Stories,Fiction,Young Adult,Graphic Novels Comics,Adult,Sequential Art,The United States Of America,Politics"
500,The Astor Orphan: A Memoir,Alexandra Aldrich,2.91,1292,"Autobiography,Nonfiction,Biography,Biography Memoir,History,Biography,Historical,New York,Audiobook,Womens"
501,Le Survenant,Germaine Guèvremont,2.81,1155,"Classics,Fiction,Academic,Cultural,Cultural,Academic,Roman,Novels,Historical,Audiobook"
502,Death of the Black-Haired Girl,Robert  Stone,2.68,1162,"Fiction,Mystery,Thriller,Mystery,Suspense,Thriller,Novels,Drama,Adult,Literature"
503,Life is Short and Desire Endless,Patrick Lapeyre,2.88,332,"Cultural,Fiction,Roman,Novels"
504,The J.A.P. Chronicles,Isabel Rose,2.87,608,"Womens Fiction,Fiction,Literature"
505,Quality Of Life Report,Meghan Daum,2.98,1174,"Fiction,Womens Fiction,Contemporary,Novels,Book Club,New York,Writing,Literature,Humor"
506,Hysteria,Eva Gale,2.68,231,"Adult Fiction,Romance,Historical,Romance,Fiction,Historical,Short Stories,Adult,Romance,Novella"
507,Gaudí in Manhattan,Carlos Ruiz Zafón,2.99,421,"Fiction,Roman,Short Stories,Mystery,Novels,Magical Realism"
508,Sakina's restaurant,Aasif Mandvi,2.85,1268,"Fiction,Audiobook,Plays,Humor,Drama,Humor,Cultural,Plays,Cultural,Family"
509,Past Perfect,Susan Isaacs,3.02,1235,"Fiction,Mystery,Womens Fiction,Thriller,Audiobook,Thriller,Spy Thriller,Modern,Adult Fiction,Novels"
510,Avengers & X-Men: AXIS,Rick Remender,2.96,1215,"Sequential Art,Superheroes,Sequential Art,Marvel,Comics,Graphic Novels Comics,Comics,Fiction,Fantasy,Comics Manga"
511,Wrecked,Anna Davies,2.93,1818,"Young Adult,Mythology,Fantasy,Romance,Fantasy,Romance,Fantasy,Fantasy,Fiction,Fantasy"
512,You Lost Me There,Rosecrans Baldwin,2.91,1212,"Fiction,Contemporary,Novels,Literary Fiction,Unfinished,Literature,Adult,Adult Fiction,Suspense,Audiobook"
513,Cut Both Ways,Carrie Mesrobian,2.93,1533,"LGBT,Young Adult,Contemporary,Romance,Realistic Fiction,Fiction,LGBT,Young Adult,LGBT,Young Adult"
514,"Empress of the Night: A Novel of Catherine the Great (Catherine, #2)",Eva Stachniak,3.04,1409,"Historical,Cultural,Historical,Fiction,Literature,Cultural,Russian History,History,Audiobook,Adult"
515,Death of Wolverine: The Logan Legacy,Charles Soule,2.97,383,"Sequential Art,Sequential Art,Superheroes,Comics,Marvel,Comics,Graphic Novels Comics,Fantasy,Fiction,Anthologies"
516,A Place For Wolves,Kosoko Jackson,3.02,173,"Young Adult,LGBT,Historical,Historical,Fiction,LGBT,Thriller,Romance,Contemporary,LGBT"
517,X-Men: X-Termination,Greg Pak,2.96,245,"Sequential Art,Superheroes,Sequential Art,Marvel,Comics,Graphic Novels Comics,Comics,Action,Fiction"
518,The Kingdom of Ohio,Matthew Flaming,3.01,1275,"Historical,Fiction,Fantasy,Science Fiction,Science Fiction,Science Fiction,Historical,Unfinished,Science Fiction Fantasy,Speculative Fiction"
519,"Nanny Returns (Nanny, #2)",Emma McLaughlin,2.93,8153,"Womens Fiction,Fiction,Adult Fiction,Adult,Contemporary,Audiobook,Romance,Humor,New York,Novels"
520,Hystopia,David Means,2.94,1372,"Fiction,Science Fiction,Historical,Science Fiction,War,Literary Fiction,Novels,Science Fiction,Speculative Fiction,Literature"
521,"Eighty Days Yellow (Eighty Days, #1)",Vina Jackson,2.91,5481,"Adult Fiction,Erotica,Romance,Adult,Contemporary,Romance,Fiction,Dark,Erotica,Romance"
522,"The Wilderness of Ruin: A Tale of Madness, Fire, and the Hunt for America's Youngest Serial Killer",Roseanne Montillo,2.9,1509,"Crime,Nonfiction,History,Mystery,Historical,Literature,North American Hi...,Mystery,Biography,Mental Health"
523,"The Great Corruption (Uncanny X-Force, #3)",Sam Humphries,2.96,204,"Sequential Art,Superheroes,Marvel,Sequential Art,Comics,Graphic Novels Comics,Comics,Fiction"
524,Death of X,Jeff Lemire,2.96,793,"Sequential Art,Superheroes,Sequential Art,Marvel,Comics,Comics,Fiction,Graphic Novels Comics,Comics Manga,Sequential Art"
525,Almost English,Charlotte Mendelson,2.9,1504,
526,Sandor slash Ida,Sara Kadefors,3.02,1963,"Young Adult,European Literature,Romance,Contemporary,Fiction,Novels,Academic,Childrens,Cultural,Young Adult"
527,Civil War II: Gods of War,Dan Abnett,2.92,170,"Sequential Art,Superheroes,Sequential Art,Comics,Fiction,Fantasy,Comics"
528,Mr. Muo's Travelling Couch,Dai Sijie,2.79,1543,"Fiction,Cultural,Cultural,Cultural,Literature,Literature,Novels,Unfinished,Adult Fiction,Historical"
529,The Soul Thief,Charles Baxter,2.92,1533,"Fiction,Novels,Literary Fiction,Contemporary,Adult Fiction,New York,Academic,Literature,Realistic Fiction,Mystery"
530,A Christmas Blizzard,Garrison Keillor,2.9,1687,"Holiday,Fiction,Humor,Holiday,Adult,Audiobook,Humor,Book Club,Novels,Contemporary"
531,"Counter-Evolutionary (Uncanny Avengers, #6)",Rick Remender,2.98,368,"Sequential Art,Superheroes,Sequential Art,Comics,Marvel,Graphic Novels Comics,Comics,Fiction,Comics Manga,Science Fiction"
532,Ravens,George Dawes Green,3.01,1832,"Fiction,Thriller,Suspense,Mystery,Thriller,Horror,Mystery,Contemporary,Adult Fiction,Literature"
533,The Skull and the Nightingale,Michael Irwin,2.86,410,"Historical,Fiction,Historical,European Literature,Horror,Literature,Adult,Literary Fiction,Mystery,Literature"
534,"Quantum (Captain Chase, #1)",Patricia Cornwell,2.98,17678,"Mystery,Fiction,Thriller,Science Fiction,Thriller,Audiobook,Suspense,Mystery,Unfinished,Space"
535,Fifty Shades of Mr Darcy: A Parody,William Codpiece Thwackery,2.86,545,"Romance,Humor,Adult Fiction,Fiction,Humor,Adult,Erotica,Historical,Historical,Romance"
536,In the Kitchen,Monica Ali,2.75,1995,"Fiction,European Literature,Food and Drink,Contemporary,Unfinished,Literary Fiction,Novels,Literature,Literature,Adult Fiction"
537,Cari Mora,Thomas  Harris,2.82,9951,"Thriller,Fiction,Horror,Mystery,Mystery,Thriller,Audiobook,Suspense,Adult,Novels"
538,Charlotte Temple,Susanna Rowson,2.95,2443,"Classics,Fiction,Academic,Academic,Literature,Academic,Literature,Literature,Historical,Academic"
539,Gather 'Round the Sound,Paulo Coelho,2.72,2382,"Fiction,Holiday,Short Stories,Audiobook,Holiday,Anthologies,Classics,Novella,Music,Short Stories"
540,The Rose Labyrinth,Titania Hardie,2.91,3386,"Fiction,Historical,Mystery,Historical,Thriller,Fantasy,Romance,Thriller,Adventure,European Literature"
541,Untold Story,Monica Ali,2.93,2400,"Fiction,Womens Fiction,Historical,Contemporary,Science Fiction,Literary Fiction,European Literature,Adult,Adult Fiction,Literature"
